-- --------------------------------------------------------
-- Host:                         127.0.0.1
-- Versión del servidor:         10.4.32-MariaDB - mariadb.org binary distribution
-- SO del servidor:              Win64
-- HeidiSQL Versión:             12.10.0.7000
-- --------------------------------------------------------

/*!40101 SET @OLD_CHARACTER_SET_CLIENT=@@CHARACTER_SET_CLIENT */;
/*!40101 SET NAMES utf8 */;
/*!50503 SET NAMES utf8mb4 */;
/*!40103 SET @OLD_TIME_ZONE=@@TIME_ZONE */;
/*!40103 SET TIME_ZONE='+00:00' */;
/*!40014 SET @OLD_FOREIGN_KEY_CHECKS=@@FOREIGN_KEY_CHECKS, FOREIGN_KEY_CHECKS=0 */;
/*!40101 SET @OLD_SQL_MODE=@@SQL_MODE, SQL_MODE='NO_AUTO_VALUE_ON_ZERO' */;
/*!40111 SET @OLD_SQL_NOTES=@@SQL_NOTES, SQL_NOTES=0 */;


-- Volcando estructura de base de datos para bd_users
DROP DATABASE IF EXISTS `bd_users`;
CREATE DATABASE IF NOT EXISTS `bd_users` /*!40100 DEFAULT CHARACTER SET utf8mb4 COLLATE utf8mb4_general_ci */;
USE `bd_users`;

-- Volcando estructura para tabla bd_users.tb_configuration
DROP TABLE IF EXISTS `tb_configuration`;
CREATE TABLE IF NOT EXISTS `tb_configuration` (
  `idConfiguration` int(11) NOT NULL AUTO_INCREMENT,
  `c_name` varchar(255) NOT NULL,
  `c_logo` varchar(255) NOT NULL,
  `c_description` text NOT NULL,
  `c_color_primary` char(10) NOT NULL DEFAULT '#4da8da',
  `c_color_secondary` char(10) NOT NULL DEFAULT '#004e89',
  `c_company_name` varchar(255) NOT NULL DEFAULT 'Innova Master',
  `c_ruc` char(11) NOT NULL DEFAULT '0',
  `c_address` text NOT NULL,
  `c_phone` char(9) NOT NULL DEFAULT '',
  `c_mail` text NOT NULL,
  `c_registrationDate` timestamp NOT NULL DEFAULT current_timestamp(),
  `c_updateDate` timestamp NOT NULL DEFAULT current_timestamp() ON UPDATE current_timestamp(),
  PRIMARY KEY (`idConfiguration`) USING BTREE
) ENGINE=InnoDB AUTO_INCREMENT=2 DEFAULT CHARSET=utf8mb4 COLLATE=utf8mb4_general_ci;

-- Volcando datos para la tabla bd_users.tb_configuration: ~0 rows (aproximadamente)
DELETE FROM `tb_configuration`;
INSERT INTO `tb_configuration` (`idConfiguration`, `c_name`, `c_logo`, `c_description`, `c_color_primary`, `c_color_secondary`, `c_company_name`, `c_ruc`, `c_address`, `c_phone`, `c_mail`, `c_registrationDate`, `c_updateDate`) VALUES
	(1, 'Sistema de Roles', '6865a8cc31caa.png', 'Sistema de Roles', '#007bff', '#6c757d', 'Innova Master', '0', '', '', '', '2025-07-02 21:46:52', '2025-07-02 21:46:52');

-- Volcando estructura para tabla bd_users.tb_interface
DROP TABLE IF EXISTS `tb_interface`;
CREATE TABLE IF NOT EXISTS `tb_interface` (
  `idInterface` int(11) NOT NULL AUTO_INCREMENT,
  `i_name` varchar(250) NOT NULL,
  `i_description` text DEFAULT NULL,
  `i_url` varchar(250) DEFAULT NULL,
  `i_isOption` char(1) DEFAULT '0',
  `i_isPublic` char(1) DEFAULT '0',
  `i_isListNav` char(1) DEFAULT '1',
  `i_status` enum('Activo','Inactivo') DEFAULT 'Activo',
  `i_registrationDate` timestamp NOT NULL DEFAULT current_timestamp(),
  `i_updateDate` timestamp NOT NULL DEFAULT current_timestamp() ON UPDATE current_timestamp(),
  `module_id` int(11) NOT NULL,
  PRIMARY KEY (`idInterface`),
  KEY `module_id` (`module_id`),
  CONSTRAINT `tb_interface_ibfk_1` FOREIGN KEY (`module_id`) REFERENCES `tb_module` (`idModule`)
) ENGINE=InnoDB AUTO_INCREMENT=21 DEFAULT CHARSET=utf8mb4 COLLATE=utf8mb4_general_ci;

-- Volcando datos para la tabla bd_users.tb_interface: ~7 rows (aproximadamente)
DELETE FROM `tb_interface`;
INSERT INTO `tb_interface` (`idInterface`, `i_name`, `i_description`, `i_url`, `i_isOption`, `i_isPublic`, `i_isListNav`, `i_status`, `i_registrationDate`, `i_updateDate`, `module_id`) VALUES
	(1, 'Inicio de Sesion', NULL, 'login', '0', '1', '0', 'Activo', '2025-01-26 15:17:34', '2025-02-02 22:06:32', 1),
	(2, 'Dashboard', NULL, 'dashboard', '0', '0', '0', 'Activo', '2025-01-26 19:37:54', '2025-02-02 18:58:08', 1),
	(3, 'Gestion de Usuarios', NULL, 'users', '0', '0', '1', 'Activo', '2025-01-26 20:10:27', '2025-01-30 23:30:05', 1),
	(4, 'Gestion de Roles', NULL, 'roles', '0', '0', '1', 'Activo', '2025-01-28 22:21:22', '2025-02-02 21:52:15', 1),
	(5, 'Listado de Logs', NULL, 'logs', '0', '0', '1', 'Activo', '2025-01-31 21:49:03', '2025-01-31 21:49:03', 2),
	(6, 'Configuracion del Sistema', NULL, 'system', '0', '0', '1', 'Activo', '2025-02-01 22:29:47', '2025-02-01 22:29:47', 1),
	(7, 'Perfil del usuario', NULL, 'profile', '0', '0', '0', 'Activo', '2025-02-02 16:23:26', '2025-02-02 16:34:31', 1),
	(20, 'Bloqueo de Sesión', NULL, 'lock', '0', '0', '0', 'Activo', '2025-05-20 13:21:56', '2025-05-20 13:21:56', 1);

-- Volcando estructura para tabla bd_users.tb_log
DROP TABLE IF EXISTS `tb_log`;
CREATE TABLE IF NOT EXISTS `tb_log` (
  `idLog` int(11) NOT NULL AUTO_INCREMENT,
  `l_title` varchar(200) NOT NULL,
  `l_description` text DEFAULT NULL,
  `l_registrationDate` timestamp NOT NULL DEFAULT current_timestamp(),
  `l_updateDate` timestamp NOT NULL DEFAULT current_timestamp() ON UPDATE current_timestamp(),
  `typelog_id` int(11) DEFAULT NULL,
  `user_id` int(11) NOT NULL,
  PRIMARY KEY (`idLog`),
  KEY `user_id` (`user_id`),
  KEY `tb_log_ibfk_1` (`typelog_id`),
  CONSTRAINT `tb_log_ibfk_1` FOREIGN KEY (`typelog_id`) REFERENCES `tb_typelog` (`idTypeLog`) ON DELETE SET NULL
) ENGINE=InnoDB AUTO_INCREMENT=596 DEFAULT CHARSET=utf8mb4 COLLATE=utf8mb4_general_ci;

-- Volcando datos para la tabla bd_users.tb_log: ~587 rows (aproximadamente)
DELETE FROM `tb_log`;
INSERT INTO `tb_log` (`idLog`, `l_title`, `l_description`, `l_registrationDate`, `l_updateDate`, `typelog_id`, `user_id`) VALUES
	(1, 'Inicio de sesion exitoso', 'El usuario Super Administrador Sistema Roles, completo de manera satisfactoria el inicio de sesion', '2025-05-20 13:13:54', '2025-05-20 13:13:54', 2, 1),
	(2, 'Información de navegación', 'El usuario entro a :Panel de control', '2025-05-20 13:13:56', '2025-05-20 13:13:56', 3, 1),
	(3, 'Información de navegación', 'El usuario entro a :Panel de control', '2025-05-20 13:14:05', '2025-05-20 13:14:05', 3, 1),
	(4, 'Información de navegación', 'El usuario entro a :Gestión de Roles', '2025-05-20 13:14:14', '2025-05-20 13:14:14', 3, 1),
	(5, 'Información de navegación', 'El usuario entro a :Gestión de Roles', '2025-05-20 13:14:24', '2025-05-20 13:14:24', 3, 1),
	(6, 'Información de navegación', 'El usuario entro a :Gestión de Roles', '2025-05-20 13:15:53', '2025-05-20 13:15:53', 3, 1),
	(7, 'Información de navegación', 'El usuario entro a :Panel de control', '2025-05-20 13:15:55', '2025-05-20 13:15:55', 3, 1),
	(8, 'Información de navegación', 'El usuario entro a :Panel de control', '2025-05-20 13:16:43', '2025-05-20 13:16:43', 3, 1),
	(9, 'Información de navegación', 'El usuario entro a :Panel de control', '2025-05-20 13:19:00', '2025-05-20 13:19:00', 3, 1),
	(10, 'Información de navegación', 'El usuario entro a :Panel de control', '2025-05-20 13:20:05', '2025-05-20 13:20:05', 3, 1),
	(11, 'Información de navegación', 'El usuario entro a :Panel de control', '2025-05-20 13:20:19', '2025-05-20 13:20:19', 3, 1),
	(12, 'Información de navegación', 'El usuario entro a :Panel de control', '2025-05-20 13:20:20', '2025-05-20 13:20:20', 3, 1),
	(13, 'Información de navegación', 'El usuario entro a :Panel de control', '2025-05-20 13:20:20', '2025-05-20 13:20:20', 3, 1),
	(14, 'Información de navegación', 'El usuario entro a :Panel de control', '2025-05-20 13:20:20', '2025-05-20 13:20:20', 3, 1),
	(15, 'Información de navegación', 'El usuario entro a :Panel de control', '2025-05-20 13:20:20', '2025-05-20 13:20:20', 3, 1),
	(16, 'Información de navegación', 'El usuario entro a :Panel de control', '2025-05-20 13:20:20', '2025-05-20 13:20:20', 3, 1),
	(17, 'Información de navegación', 'El usuario entro a :Panel de control', '2025-05-20 13:20:20', '2025-05-20 13:20:20', 3, 1),
	(18, 'Información de navegación', 'El usuario entro a :Panel de control', '2025-05-20 13:20:20', '2025-05-20 13:20:20', 3, 1),
	(19, 'Información de navegación', 'El usuario entro a :Panel de control', '2025-05-20 13:20:20', '2025-05-20 13:20:20', 3, 1),
	(20, 'Información de navegación', 'El usuario entro a :Panel de control', '2025-05-20 13:20:20', '2025-05-20 13:20:20', 3, 1),
	(21, 'Información de navegación', 'El usuario entro a :Panel de control', '2025-05-20 13:20:20', '2025-05-20 13:20:20', 3, 1),
	(22, 'Información de navegación', 'El usuario entro a :Panel de control', '2025-05-20 13:20:20', '2025-05-20 13:20:20', 3, 1),
	(23, 'Información de navegación', 'El usuario entro a :Panel de control', '2025-05-20 13:20:20', '2025-05-20 13:20:20', 3, 1),
	(24, 'Información de navegación', 'El usuario entro a :Panel de control', '2025-05-20 13:20:21', '2025-05-20 13:20:21', 3, 1),
	(25, 'Información de navegación', 'El usuario entro a :Panel de control', '2025-05-20 13:20:21', '2025-05-20 13:20:21', 3, 1),
	(26, 'Información de navegación', 'El usuario entro a :Panel de control', '2025-05-20 13:20:21', '2025-05-20 13:20:21', 3, 1),
	(27, 'Información de navegación', 'El usuario entro a :Panel de control', '2025-05-20 13:20:21', '2025-05-20 13:20:21', 3, 1),
	(28, 'Información de navegación', 'El usuario entro a :Panel de control', '2025-05-20 13:20:21', '2025-05-20 13:20:21', 3, 1),
	(29, 'Información de navegación', 'El usuario entro a :Panel de control', '2025-05-20 13:20:21', '2025-05-20 13:20:21', 3, 1),
	(30, 'Información de navegación', 'El usuario entro a :Panel de control', '2025-05-20 13:20:21', '2025-05-20 13:20:21', 3, 1),
	(31, 'Información de navegación', 'El usuario entro a :Panel de control', '2025-05-20 13:20:21', '2025-05-20 13:20:21', 3, 1),
	(32, 'Información de navegación', 'El usuario entro a :Panel de control', '2025-05-20 13:20:21', '2025-05-20 13:20:21', 3, 1),
	(33, 'Información de navegación', 'El usuario entro a :Panel de control', '2025-05-20 13:20:22', '2025-05-20 13:20:22', 3, 1),
	(34, 'Información de navegación', 'El usuario entro a :Panel de control', '2025-05-20 13:20:22', '2025-05-20 13:20:22', 3, 1),
	(35, 'Información de navegación', 'El usuario entro a :Panel de control', '2025-05-20 13:20:22', '2025-05-20 13:20:22', 3, 1),
	(36, 'Información de navegación', 'El usuario entro a :Panel de control', '2025-05-20 13:20:22', '2025-05-20 13:20:22', 3, 1),
	(37, 'Información de navegación', 'El usuario entro a :Panel de control', '2025-05-20 13:20:22', '2025-05-20 13:20:22', 3, 1),
	(38, 'Información de navegación', 'El usuario entro a :Panel de control', '2025-05-20 13:20:22', '2025-05-20 13:20:22', 3, 1),
	(39, 'Información de navegación', 'El usuario entro a :Panel de control', '2025-05-20 13:20:22', '2025-05-20 13:20:22', 3, 1),
	(40, 'Información de navegación', 'El usuario entro a :Panel de control', '2025-05-20 13:20:22', '2025-05-20 13:20:22', 3, 1),
	(41, 'Información de navegación', 'El usuario entro a :Panel de control', '2025-05-20 13:20:22', '2025-05-20 13:20:22', 3, 1),
	(42, 'Información de navegación', 'El usuario entro a :Panel de control', '2025-05-20 13:20:22', '2025-05-20 13:20:22', 3, 1),
	(43, 'Información de navegación', 'Cuenta de usuario bloqueada por inactividad', '2025-05-20 13:20:44', '2025-05-20 13:20:44', 3, 1),
	(44, 'Cierre de sesion forzado', 'La cuenta no tiene permiso a ingresar en esta vist, por lo que se esta forzando a cerrar sesion', '2025-05-20 13:20:44', '2025-05-20 13:20:44', 3, 1),
	(45, 'Información de navegación', 'El usuario entró a :Bloqueo de pantalla', '2025-05-20 13:20:44', '2025-05-20 13:20:44', 3, 1),
	(46, 'Cierre de sesion', 'El usuario Super Administrador Sistema Roles ah cerrado sesion en el sistema', '2025-05-20 13:20:44', '2025-05-20 13:20:44', 2, 1),
	(47, 'Inicio de sesion exitoso', 'El usuario Super Administrador Sistema Roles, completo de manera satisfactoria el inicio de sesion', '2025-05-20 13:20:53', '2025-05-20 13:20:53', 2, 1),
	(48, 'Información de navegación', 'El usuario entro a :Panel de control', '2025-05-20 13:20:54', '2025-05-20 13:20:54', 3, 1),
	(49, 'Información de navegación', 'El usuario entro a :Panel de control', '2025-05-20 13:22:15', '2025-05-20 13:22:15', 3, 1),
	(50, 'Información de navegación', 'Cuenta de usuario bloqueada por inactividad', '2025-05-20 13:22:45', '2025-05-20 13:22:45', 3, 1),
	(51, 'Información de navegación', 'El usuario entró a :Bloqueo de pantalla', '2025-05-20 13:22:45', '2025-05-20 13:22:45', 3, 1),
	(52, 'Ocurrió un error inesperado', 'El usuario OHl4NXRSbFRqbSs1UW9mbEpxNnNPQT09 o contraseña NDlKY09zOXdweWsvOVdGd2J3d1M3dz09 que esta intentando ingresar no existe', '2025-05-20 13:22:54', '2025-05-20 13:22:54', 1, 1),
	(53, 'Inicio de sesion exitoso', 'El usuario Super Administrador Sistema Roles, completo de manera satisfactoria el desbloqueo del sistema', '2025-05-20 13:22:57', '2025-05-20 13:22:57', 2, 1),
	(54, 'Información de navegación', 'El usuario entro a :Panel de control', '2025-05-20 13:22:58', '2025-05-20 13:22:58', 3, 1),
	(55, 'Información de navegación', 'El usuario entro a :Panel de control', '2025-05-20 13:23:13', '2025-05-20 13:23:13', 3, 1),
	(56, 'Información de navegación', 'El usuario entro a :Gestión de Roles', '2025-05-20 13:23:24', '2025-05-20 13:23:24', 3, 1),
	(57, 'Información de navegación', 'El usuario entro a :Gestion de Usuarios', '2025-05-20 13:23:26', '2025-05-20 13:23:26', 3, 1),
	(58, 'Información de navegación', 'El usuario entro a :Historial de registros', '2025-05-20 13:23:30', '2025-05-20 13:23:30', 3, 1),
	(59, 'Información de navegación', 'El usuario entro a :Panel de control', '2025-05-20 13:24:07', '2025-05-20 13:24:07', 3, 1),
	(60, 'Información de navegación', 'El usuario entro a :Gestión de Roles', '2025-05-20 13:24:11', '2025-05-20 13:24:11', 3, 1),
	(61, 'Información de navegación', 'El usuario entro a :Gestion de Usuarios', '2025-05-20 13:24:12', '2025-05-20 13:24:12', 3, 1),
	(62, 'Información de navegación', 'El usuario entro a :Configruacion del Sistema', '2025-05-20 13:24:13', '2025-05-20 13:24:13', 3, 1),
	(63, 'Información de navegación', 'El usuario entro a :Configruacion del Sistema', '2025-05-20 13:24:17', '2025-05-20 13:24:17', 3, 1),
	(64, 'Información de navegación', 'El usuario entro a :Panel de control', '2025-05-20 13:29:52', '2025-05-20 13:29:52', 3, 1),
	(65, 'Tiempo de inactividad', 'El usuario ha estado inactivo durante -Tiempo inactivo: 5 minutos y 39 segundos.', '2025-05-20 13:29:52', '2025-05-20 13:29:52', 3, 1),
	(66, 'Tiempo de inactividad', 'El usuario ha estado inactivo durante -Tiempo inactivo: 1 minutos y 57 segundos.', '2025-05-20 13:31:49', '2025-05-20 13:31:49', 3, 1),
	(67, 'Información de navegación', 'Cuenta de usuario bloqueada por inactividad', '2025-05-20 15:17:28', '2025-05-20 15:17:28', 3, 1),
	(68, 'Información de navegación', 'El usuario entró a :Bloqueo de pantalla', '2025-05-20 15:17:28', '2025-05-20 15:17:28', 3, 1),
	(69, 'Inicio de sesion exitoso', 'El usuario Super Administrador Sistema Roles, completo de manera satisfactoria el desbloqueo del sistema', '2025-05-20 15:17:32', '2025-05-20 15:17:32', 2, 1),
	(70, 'Información de navegación', 'El usuario entro a :Panel de control', '2025-05-20 15:17:33', '2025-05-20 15:17:33', 3, 1),
	(71, 'Información de navegación', 'Cuenta de usuario bloqueada por inactividad', '2025-05-20 17:10:12', '2025-05-20 17:10:12', 3, 1),
	(72, 'Información de navegación', 'El usuario entró a :Bloqueo de pantalla', '2025-05-20 17:10:12', '2025-05-20 17:10:12', 3, 1),
	(73, 'Información de navegación', 'El usuario entró a :Bloqueo de pantalla', '2025-05-20 17:17:38', '2025-05-20 17:17:38', 3, 1),
	(74, 'Ocurrió un error inesperado', 'El usuario OHl4NXRSbFRqbSs1UW9mbEpxNnNPQT09 o contraseña cy8vQXlEUFVuSm5mK2ZpWC9rR3psZz09 que esta intentando ingresar no existe', '2025-05-20 17:17:45', '2025-05-20 17:17:45', 1, 1),
	(75, 'Ocurrió un error inesperado', 'El usuario OHl4NXRSbFRqbSs1UW9mbEpxNnNPQT09 o contraseña N04zZjJLRENBd3RaS1dMYUFlazJidz09 que esta intentando ingresar no existe', '2025-05-20 17:17:53', '2025-05-20 17:17:53', 1, 1),
	(76, 'Inicio de sesion exitoso', 'El usuario Super Administrador Sistema Roles, completo de manera satisfactoria el desbloqueo del sistema', '2025-05-20 17:17:58', '2025-05-20 17:17:58', 2, 1),
	(77, 'Información de navegación', 'El usuario entro a :Panel de control', '2025-05-20 17:17:59', '2025-05-20 17:17:59', 3, 1),
	(78, 'Cierre de sesion', 'El usuario Super Administrador Sistema Roles ah cerrado sesion en el sistema', '2025-05-20 17:19:00', '2025-05-20 17:19:00', 2, 1),
	(79, 'Información de navegación', 'El usuario entro a :Panel de control', '2025-06-06 20:30:50', '2025-06-06 20:30:50', 3, 1),
	(80, 'Información de navegación', 'El usuario entro a :Panel de control', '2025-06-06 20:30:52', '2025-06-06 20:30:52', 3, 1),
	(81, 'Información de navegación', 'Cuenta de usuario bloqueada por inactividad', '2025-06-06 20:30:53', '2025-06-06 20:30:53', 3, 1),
	(82, 'Información de navegación', 'El usuario entró a :Bloqueo de pantalla', '2025-06-06 20:30:53', '2025-06-06 20:30:53', 3, 1),
	(83, 'Ocurrió un error inesperado', 'El usuario OHl4NXRSbFRqbSs1UW9mbEpxNnNPQT09 o contraseña ZUZoTzYxejdqbjBySzc2T2ZnMXJCdz09 que esta intentando ingresar no existe', '2025-06-06 20:30:57', '2025-06-06 20:30:57', 1, 1),
	(84, 'Inicio de sesion exitoso', 'El usuario Super Administrador Sistema Roles, completo de manera satisfactoria el desbloqueo del sistema', '2025-06-06 20:31:00', '2025-06-06 20:31:00', 2, 1),
	(85, 'Información de navegación', 'El usuario entro a :Panel de control', '2025-06-06 20:31:01', '2025-06-06 20:31:01', 3, 1),
	(86, 'Cierre de sesion', 'El usuario Super Administrador Sistema Roles ah cerrado sesion en el sistema', '2025-06-06 20:31:05', '2025-06-06 20:31:05', 2, 1),
	(87, 'Inicio de sesion exitoso', 'El usuario Super Administrador Sistema Roles, completo de manera satisfactoria el inicio de sesion', '2025-06-06 20:31:08', '2025-06-06 20:31:08', 2, 1),
	(88, 'Información de navegación', 'El usuario entro a :Panel de control', '2025-06-06 20:31:09', '2025-06-06 20:31:09', 3, 1),
	(89, 'Información de navegación', 'El usuario entro a :Gestión de Roles', '2025-06-06 20:31:13', '2025-06-06 20:31:13', 3, 1),
	(90, 'Tiempo de inactividad', 'El usuario ha estado inactivo durante -Tiempo inactivo: 3 minutos y 19 segundos.', '2025-06-06 20:34:32', '2025-06-06 20:34:32', 3, 1),
	(91, 'Información de navegación', 'El usuario entro a: Gestión de Usuarios', '2025-06-06 20:34:32', '2025-06-06 20:34:32', 3, 1),
	(92, 'Tiempo de inactividad', 'El usuario ha estado inactivo durante -Tiempo inactivo: 1 minutos y 41 segundos.', '2025-06-06 20:36:15', '2025-06-06 20:36:15', 3, 1),
	(93, 'Información de navegación', 'El usuario entro a :Configruacion del Sistema', '2025-06-06 20:36:15', '2025-06-06 20:36:15', 3, 1),
	(94, 'Información de navegación', 'El usuario entro a :Panel de control', '2025-06-06 20:36:22', '2025-06-06 20:36:22', 3, 1),
	(95, 'Información de navegación', 'El usuario entro a :Gestión de Roles', '2025-06-06 20:36:24', '2025-06-06 20:36:24', 3, 1),
	(96, 'Información de navegación', 'El usuario entro a :Gestión de Roles', '2025-06-06 20:36:58', '2025-06-06 20:36:58', 3, 1),
	(97, 'Información de navegación', 'El usuario entro a :Gestión de Roles', '2025-06-06 20:40:32', '2025-06-06 20:40:32', 3, 1),
	(98, 'Tiempo de inactividad', 'El usuario ha estado inactivo durante -Tiempo inactivo: 3 minutos y 35 segundos.', '2025-06-06 20:40:35', '2025-06-06 20:40:35', 3, 1),
	(99, 'Información de navegación', 'El usuario entro a :Gestión de Roles', '2025-06-06 20:41:35', '2025-06-06 20:41:35', 3, 1),
	(100, 'Tiempo de inactividad', 'El usuario ha estado inactivo durante -Tiempo inactivo: 1 minutos y 30 segundos.', '2025-06-06 20:42:05', '2025-06-06 20:42:05', 3, 1),
	(101, 'Información de navegación', 'El usuario entro a: Gestión de Usuarios', '2025-06-06 20:42:05', '2025-06-06 20:42:05', 3, 1),
	(102, 'Información de navegación', 'El usuario entro a :Gestión de Roles', '2025-06-06 20:44:47', '2025-06-06 20:44:47', 3, 1),
	(103, 'Tiempo de inactividad', 'El usuario ha estado inactivo durante -Tiempo inactivo: 2 minutos y 40 segundos.', '2025-06-06 20:44:47', '2025-06-06 20:44:47', 3, 1),
	(104, 'Información de navegación', 'El usuario entro a: Gestión de Usuarios', '2025-06-06 20:44:48', '2025-06-06 20:44:48', 3, 1),
	(105, 'Información de navegación', 'El usuario entro a :Configruacion del Sistema', '2025-06-06 20:44:49', '2025-06-06 20:44:49', 3, 1),
	(106, 'Información de navegación', 'El usuario entro a :Gestión de Roles', '2025-06-06 20:44:50', '2025-06-06 20:44:50', 3, 1),
	(107, 'Información de navegación', 'El usuario entro a :Gestión de Roles', '2025-06-06 21:11:33', '2025-06-06 21:11:33', 3, 1),
	(108, 'Información de navegación', 'El usuario entro a :Gestión de Roles', '2025-06-06 21:12:15', '2025-06-06 21:12:15', 3, 1),
	(109, 'Tiempo de inactividad', 'El usuario ha estado inactivo durante -Tiempo inactivo: 27 minutos y 27 segundos.', '2025-06-06 21:12:17', '2025-06-06 21:12:17', 3, 1),
	(110, 'Información de navegación', 'El usuario entro a :Gestión de Roles', '2025-06-06 21:15:48', '2025-06-06 21:15:48', 3, 1),
	(111, 'Información de navegación', 'El usuario entro a :Gestión de Roles', '2025-06-06 21:16:09', '2025-06-06 21:16:09', 3, 1),
	(112, 'Información de navegación', 'El usuario entro a :Gestión de Roles', '2025-06-06 21:16:11', '2025-06-06 21:16:11', 3, 1),
	(113, 'Información de navegación', 'El usuario entro a :Gestión de Roles', '2025-06-06 21:16:16', '2025-06-06 21:16:16', 3, 1),
	(114, 'Información de navegación', 'El usuario entro a :Gestión de Roles', '2025-06-06 21:17:01', '2025-06-06 21:17:01', 3, 1),
	(115, 'Tiempo de inactividad', 'El usuario ha estado inactivo durante -Tiempo inactivo: 4 minutos y 45 segundos.', '2025-06-06 21:17:02', '2025-06-06 21:17:02', 3, 1),
	(116, 'Información de navegación', 'El usuario entro a :Gestión de Roles', '2025-06-06 21:17:05', '2025-06-06 21:17:05', 3, 1),
	(117, 'Tiempo de inactividad', 'El usuario ha estado inactivo durante -Tiempo inactivo: 1 minutos y 5 segundos.', '2025-06-06 21:18:10', '2025-06-06 21:18:10', 3, 1),
	(118, 'Información de navegación', 'El usuario entro a :Gestión de Roles', '2025-06-06 21:18:11', '2025-06-06 21:18:11', 3, 1),
	(119, 'Información de navegación', 'El usuario entro a :Gestión de Roles', '2025-06-06 21:18:35', '2025-06-06 21:18:35', 3, 1),
	(120, 'Cierre de sesion', 'El usuario Super Administrador Sistema Roles ah cerrado sesion en el sistema', '2025-06-06 21:18:41', '2025-06-06 21:18:41', 2, 1),
	(121, 'Inicio de sesion exitoso', 'El usuario Super Administrador Sistema Roles, completo de manera satisfactoria el inicio de sesion', '2025-06-06 21:18:45', '2025-06-06 21:18:45', 2, 1),
	(122, 'Información de navegación', 'El usuario entro a :Panel de control', '2025-06-06 21:18:46', '2025-06-06 21:18:46', 3, 1),
	(123, 'Cierre de sesión', 'El usuario Super Administrador Sistema Roles ha cerrado sesión en el sistema', '2025-06-06 21:19:37', '2025-06-06 21:19:37', 2, 1),
	(124, 'Inicio de sesión exitoso', 'El usuario Super Administrador Sistema Roles, completo de manera satisfactoria el inicio de sesion', '2025-06-06 21:19:40', '2025-06-06 21:19:40', 2, 1),
	(125, 'Información de navegación', 'El usuario entro a :Panel de control', '2025-06-06 21:19:41', '2025-06-06 21:19:41', 3, 1),
	(126, 'Tiempo de inactividad', 'El usuario ha estado inactivo durante -Tiempo inactivo: 10 minutos y 40 segundos.', '2025-06-06 21:30:25', '2025-06-06 21:30:25', 3, 1),
	(127, 'Información de navegación', 'El usuario entro a :Gestión de Roles', '2025-06-06 21:30:25', '2025-06-06 21:30:25', 3, 1),
	(128, 'Información de navegación', 'El usuario entro a: Gestión de Usuarios', '2025-06-06 21:30:28', '2025-06-06 21:30:28', 3, 1),
	(129, 'Cierre de sesión', 'El usuario Super Administrador Sistema Roles ha cerrado sesión en el sistema', '2025-06-06 21:30:34', '2025-06-06 21:30:34', 2, 1),
	(130, 'Información de navegación', 'El usuario entro a :Panel de control', '2025-06-30 20:01:36', '2025-06-30 20:01:36', 3, 1),
	(131, 'Información de navegación', 'Cuenta de usuario bloqueada por inactividad', '2025-06-30 20:01:39', '2025-06-30 20:01:39', 3, 1),
	(132, 'Información de navegación', 'El usuario entró a :Bloqueo de pantalla', '2025-06-30 20:01:39', '2025-06-30 20:01:39', 3, 1),
	(133, 'Inicio de sesion exitoso', 'El usuario Super Administrador Sistema Roles, completo de manera satisfactoria el desbloqueo del sistema', '2025-06-30 20:01:45', '2025-06-30 20:01:45', 2, 1),
	(134, 'Información de navegación', 'El usuario entro a :Panel de control', '2025-06-30 20:01:46', '2025-06-30 20:01:46', 3, 1),
	(135, 'Cierre de sesión', 'El usuario Super Administrador Sistema Roles ha cerrado sesión en el sistema', '2025-06-30 20:01:49', '2025-06-30 20:01:49', 2, 1),
	(136, 'Inicio de sesión exitoso', 'El usuario Super Administrador Sistema Roles, completo de manera satisfactoria el inicio de sesion', '2025-06-30 20:01:54', '2025-06-30 20:01:54', 2, 1),
	(137, 'Información de navegación', 'El usuario entro a :Panel de control', '2025-06-30 20:01:55', '2025-06-30 20:01:55', 3, 1),
	(138, 'Información de navegación', 'El usuario entro a :Configruacion del Sistema', '2025-06-30 20:02:03', '2025-06-30 20:02:03', 3, 1),
	(139, 'Información de navegación', 'El usuario entro a :Configruacion del Sistema', '2025-06-30 20:03:46', '2025-06-30 20:03:46', 3, 1),
	(140, 'Tiempo de inactividad', 'El usuario ha estado inactivo durante -Tiempo inactivo: 1 minutos y 45 segundos.', '2025-06-30 20:03:48', '2025-06-30 20:03:48', 3, 1),
	(141, 'Tiempo de inactividad', 'El usuario ha estado inactivo durante -Tiempo inactivo: 11 minutos y 59 segundos.', '2025-06-30 20:15:51', '2025-06-30 20:15:51', 3, 1),
	(142, 'Información de navegación', 'El usuario entro a :Configruacion del Sistema', '2025-06-30 20:15:59', '2025-06-30 20:15:59', 3, 1),
	(143, 'Información de navegación', 'El usuario entro a :Configruacion del Sistema', '2025-06-30 20:16:48', '2025-06-30 20:16:48', 3, 1),
	(144, 'Información de navegación', 'El usuario entro a :Configruacion del Sistema', '2025-06-30 20:17:09', '2025-06-30 20:17:09', 3, 1),
	(145, 'Información de navegación', 'El usuario entro a :Configruacion del Sistema', '2025-06-30 20:17:34', '2025-06-30 20:17:34', 3, 1),
	(146, 'Información de navegación', 'El usuario entro a :Configruacion del Sistema', '2025-06-30 20:17:44', '2025-06-30 20:17:44', 3, 1),
	(147, 'Información de navegación', 'El usuario entro a :Configruacion del Sistema', '2025-06-30 20:17:52', '2025-06-30 20:17:52', 3, 1),
	(148, 'Información de navegación', 'El usuario entro a :Configruacion del Sistema', '2025-06-30 20:19:29', '2025-06-30 20:19:29', 3, 1),
	(149, 'Tiempo de inactividad', 'El usuario ha estado inactivo durante -Tiempo inactivo: 1 minutos y 52 segundos.', '2025-06-30 20:19:36', '2025-06-30 20:19:36', 3, 1),
	(150, 'Información de navegación', 'El usuario entro a :Configruacion del Sistema', '2025-06-30 20:19:57', '2025-06-30 20:19:57', 3, 1),
	(151, 'Información de navegación', 'El usuario entro a :Configruacion del Sistema', '2025-06-30 20:21:27', '2025-06-30 20:21:27', 3, 1),
	(152, 'Tiempo de inactividad', 'El usuario ha estado inactivo durante -Tiempo inactivo: 1 minutos y 40 segundos.', '2025-06-30 20:21:37', '2025-06-30 20:21:37', 3, 1),
	(153, 'Información de navegación', 'El usuario entro a :Configruacion del Sistema', '2025-06-30 20:21:38', '2025-06-30 20:21:38', 3, 1),
	(154, 'Información de navegación', 'El usuario entro a :Configruacion del Sistema', '2025-06-30 20:21:47', '2025-06-30 20:21:47', 3, 1),
	(155, 'Información de navegación', 'El usuario entro a :Configruacion del Sistema', '2025-06-30 20:22:25', '2025-06-30 20:22:25', 3, 1),
	(156, 'Información de navegación', 'El usuario entro a :Configruacion del Sistema', '2025-06-30 20:53:40', '2025-06-30 20:53:40', 3, 1),
	(157, 'Información de navegación', 'Cuenta de usuario bloqueada por inactividad', '2025-06-30 20:53:44', '2025-06-30 20:53:44', 3, 1),
	(158, 'Información de navegación', 'El usuario entró a :Bloqueo de pantalla', '2025-06-30 20:53:44', '2025-06-30 20:53:44', 3, 1),
	(159, 'Intento de inicio de interfaz', 'No se logro intentar iniciar la interfaz desde la parte externa del sistema, IP de intento de logeo - ::1', '2025-06-30 21:03:47', '2025-06-30 21:03:47', 1, 0),
	(160, 'Ocurrio un error inesperado', 'Error: SQLSTATE[23000]: Integrity constraint violation: 1048 Column \'user_id\' cannot be null - 23000', '2025-06-30 21:03:47', '2025-06-30 21:03:47', 1, 0),
	(161, 'Inicio de sesión exitoso', 'El usuario Super Administrador Sistema Roles, completo de manera satisfactoria el inicio de sesion', '2025-06-30 21:04:59', '2025-06-30 21:04:59', 2, 1),
	(162, 'Información de navegación', 'El usuario entro a :Panel de control', '2025-06-30 21:05:00', '2025-06-30 21:05:00', 3, 1),
	(163, 'Información de navegación', 'El usuario entro a :Configruacion del Sistema', '2025-06-30 21:08:32', '2025-06-30 21:08:32', 3, 1),
	(164, 'Información de navegación', 'El usuario entro a :Configruacion del Sistema', '2025-06-30 21:09:24', '2025-06-30 21:09:24', 3, 1),
	(165, 'Información de navegación', 'El usuario entro a :Configruacion del Sistema', '2025-06-30 21:10:34', '2025-06-30 21:10:34', 3, 1),
	(166, 'Actualizacion exitosa', 'Se actualizo la informacion del sistema correctamente', '2025-06-30 21:10:47', '2025-06-30 21:10:47', 2, 1),
	(167, 'Información de navegación', 'El usuario entro a :Configruacion del Sistema', '2025-06-30 21:10:53', '2025-06-30 21:10:53', 3, 1),
	(168, 'Información de navegación', 'El usuario entro a :Configruacion del Sistema', '2025-06-30 21:11:41', '2025-06-30 21:11:41', 3, 1),
	(169, 'Información de navegación', 'El usuario entro a :Configruacion del Sistema', '2025-06-30 21:11:49', '2025-06-30 21:11:49', 3, 1),
	(170, 'Información de navegación', 'El usuario entro a :Configruacion del Sistema', '2025-06-30 21:15:37', '2025-06-30 21:15:37', 3, 1),
	(171, 'Tiempo de inactividad', 'El usuario ha estado inactivo durante -Tiempo inactivo: 3 minutos y 50 segundos.', '2025-06-30 21:15:38', '2025-06-30 21:15:38', 3, 1),
	(172, 'Información de navegación', 'El usuario entro a :Configruacion del Sistema', '2025-06-30 21:15:55', '2025-06-30 21:15:55', 3, 1),
	(173, 'Información de navegación', 'El usuario entro a :Configruacion del Sistema', '2025-06-30 21:16:25', '2025-06-30 21:16:25', 3, 1),
	(174, 'Información de navegación', 'El usuario entro a :Configruacion del Sistema', '2025-06-30 21:16:33', '2025-06-30 21:16:33', 3, 1),
	(175, 'Información de navegación', 'El usuario entro a :Panel de control', '2025-06-30 21:16:40', '2025-06-30 21:16:40', 3, 1),
	(176, 'Información de navegación', 'El usuario entro a :Gestión de Roles', '2025-06-30 21:16:44', '2025-06-30 21:16:44', 3, 1),
	(177, 'Información de navegación', 'El usuario entro a :Configruacion del Sistema', '2025-06-30 21:16:45', '2025-06-30 21:16:45', 3, 1),
	(178, 'Tiempo de inactividad', 'El usuario ha estado inactivo durante -Tiempo inactivo: 1 minutos y 44 segundos.', '2025-06-30 21:19:06', '2025-06-30 21:19:06', 3, 1),
	(179, 'Información de navegación', 'El usuario entro a :Configruacion del Sistema', '2025-06-30 21:19:07', '2025-06-30 21:19:07', 3, 1),
	(180, 'Información de navegación', 'El usuario entro a :Configruacion del Sistema', '2025-06-30 21:21:49', '2025-06-30 21:21:49', 3, 1),
	(181, 'Tiempo de inactividad', 'El usuario ha estado inactivo durante -Tiempo inactivo: 2 minutos y 51 segundos.', '2025-06-30 21:21:57', '2025-06-30 21:21:57', 3, 1),
	(182, 'Informacion de subida de archivos', 'El usuario subio una foto de perfil, donde se valido que exista la ruta solicitada para subir el archivo', '2025-06-30 21:22:01', '2025-06-30 21:22:01', 3, 1),
	(183, 'Actualizacion exitosa', 'Se actualizo la informacion del sistema correctamente', '2025-06-30 21:22:01', '2025-06-30 21:22:01', 2, 1),
	(184, 'Informacion de subida de archivos', 'El usuario subio una foto de perfil, donde se valido que exista la ruta solicitada para subir el archivo', '2025-06-30 21:22:01', '2025-06-30 21:22:01', 3, 1),
	(185, 'Actualizacion exitosa', 'Se actualizo la informacion del sistema correctamente', '2025-06-30 21:22:01', '2025-06-30 21:22:01', 2, 1),
	(186, 'Información de navegación', 'El usuario entro a :Configruacion del Sistema', '2025-06-30 21:22:03', '2025-06-30 21:22:03', 3, 1),
	(187, 'Información de navegación', 'El usuario entro a :Configruacion del Sistema', '2025-06-30 21:22:04', '2025-06-30 21:22:04', 3, 1),
	(188, 'Información de navegación', 'El usuario entro a :Configruacion del Sistema', '2025-06-30 21:23:03', '2025-06-30 21:23:03', 3, 1),
	(189, 'Información de navegación', 'El usuario entro a :Configruacion del Sistema', '2025-06-30 21:24:45', '2025-06-30 21:24:45', 3, 1),
	(190, 'Tiempo de inactividad', 'El usuario ha estado inactivo durante -Tiempo inactivo: 28 minutos y 37 segundos.', '2025-06-30 21:50:38', '2025-06-30 21:50:38', 3, 1),
	(191, 'Información de navegación', 'El usuario entro a :Configruacion del Sistema', '2025-07-01 13:16:18', '2025-07-01 13:16:18', 3, 1),
	(192, 'Información de navegación', 'El usuario entro a :Configruacion del Sistema', '2025-07-01 13:27:19', '2025-07-01 13:27:19', 3, 1),
	(193, 'Información de navegación', 'El usuario entro a :Configruacion del Sistema', '2025-07-01 13:35:16', '2025-07-01 13:35:16', 3, 1),
	(194, 'Información de navegación', 'Cuenta de usuario bloqueada por inactividad', '2025-07-01 13:35:19', '2025-07-01 13:35:19', 3, 1),
	(195, 'Información de navegación', 'El usuario entró a :Bloqueo de pantalla', '2025-07-01 13:35:19', '2025-07-01 13:35:19', 3, 1),
	(196, 'Inicio de sesion exitoso', 'El usuario Super Administrador Sistema Roles, completo de manera satisfactoria el desbloqueo del sistema', '2025-07-01 13:35:23', '2025-07-01 13:35:23', 2, 1),
	(197, 'Información de navegación', 'El usuario entro a :Panel de control', '2025-07-01 13:35:24', '2025-07-01 13:35:24', 3, 1),
	(198, 'Cierre de sesión', 'El usuario Super Administrador Sistema Roles ha cerrado sesión en el sistema', '2025-07-01 13:35:27', '2025-07-01 13:35:27', 2, 1),
	(199, 'Inicio de sesión exitoso', 'El usuario Super Administrador Sistema Roles, completo de manera satisfactoria el inicio de sesion', '2025-07-01 13:35:31', '2025-07-01 13:35:31', 2, 1),
	(200, 'Información de navegación', 'El usuario entro a :Panel de control', '2025-07-01 13:35:32', '2025-07-01 13:35:32', 3, 1),
	(201, 'Información de navegación', 'El usuario entro a :Configruacion del Sistema', '2025-07-01 13:35:39', '2025-07-01 13:35:39', 3, 1),
	(202, 'Información de navegación', 'El usuario entro a :Configruacion del Sistema', '2025-07-01 13:40:34', '2025-07-01 13:40:34', 3, 1),
	(203, 'Tiempo de inactividad', 'El usuario ha estado inactivo durante -Tiempo inactivo: 4 minutos y 58 segundos.', '2025-07-01 13:40:37', '2025-07-01 13:40:37', 3, 1),
	(204, 'Ocurrio un error inesperado', 'La imagen es muy grande, el tamaño permitido es de 2MB, para el logo del sistema', '2025-07-01 13:41:01', '2025-07-01 13:41:01', 1, 1),
	(205, 'Informacion de subida de archivos', 'El usuario subio una foto de perfil, donde se valido que exista la ruta solicitada para subir el archivo', '2025-07-01 13:41:13', '2025-07-01 13:41:13', 3, 1),
	(206, 'Ocurrio un error inesperado', 'Error: SQLSTATE[HY093]: Invalid parameter number: number of bound variables does not match number of tokens - HY093', '2025-07-01 13:41:13', '2025-07-01 13:41:13', 1, 1),
	(207, 'Informacion de subida de archivos', 'El usuario subio una foto de perfil, donde se valido que exista la ruta solicitada para subir el archivo', '2025-07-01 13:41:22', '2025-07-01 13:41:22', 3, 1),
	(208, 'Ocurrio un error inesperado', 'Error: SQLSTATE[HY093]: Invalid parameter number: number of bound variables does not match number of tokens - HY093', '2025-07-01 13:41:22', '2025-07-01 13:41:22', 1, 1),
	(209, 'Informacion de subida de archivos', 'El usuario subio una foto de perfil, donde se valido que exista la ruta solicitada para subir el archivo', '2025-07-01 13:42:08', '2025-07-01 13:42:08', 3, 1),
	(210, 'Actualizacion exitosa', 'Se actualizo la informacion del sistema correctamente', '2025-07-01 13:42:08', '2025-07-01 13:42:08', 2, 1),
	(211, 'Informacion de subida de archivos', 'El usuario subio una foto de perfil, donde se valido que exista la ruta solicitada para subir el archivo', '2025-07-01 13:42:24', '2025-07-01 13:42:24', 3, 1),
	(212, 'Actualizacion exitosa', 'Se actualizo la informacion del sistema correctamente', '2025-07-01 13:42:24', '2025-07-01 13:42:24', 2, 1),
	(213, 'Informacion de subida de archivos', 'El usuario subio una foto de perfil, donde se valido que exista la ruta solicitada para subir el archivo', '2025-07-01 13:43:04', '2025-07-01 13:43:04', 3, 1),
	(214, 'Registro exitoso', 'Se registro la informacion del sistema correctamente', '2025-07-01 13:43:04', '2025-07-01 13:43:04', 2, 1),
	(215, 'Información de navegación', 'El usuario entro a :Configruacion del Sistema', '2025-07-01 13:59:15', '2025-07-01 13:59:15', 3, 1),
	(216, 'Información de navegación', 'El usuario entro a :Configruacion del Sistema', '2025-07-01 14:00:04', '2025-07-01 14:00:04', 3, 1),
	(217, 'Tiempo de inactividad', 'El usuario ha estado inactivo durante -Tiempo inactivo: 17 minutos y 3 segundos.', '2025-07-01 14:00:07', '2025-07-01 14:00:07', 3, 1),
	(218, 'Actualizacion exitosa', 'Se actualizo la informacion del sistema correctamente', '2025-07-01 14:00:19', '2025-07-01 14:00:19', 2, 1),
	(219, 'Información de navegación', 'El usuario entro a :Configruacion del Sistema', '2025-07-01 14:00:31', '2025-07-01 14:00:31', 3, 1),
	(220, 'Tiempo de inactividad', 'El usuario ha estado inactivo durante -Tiempo inactivo: 1 minutos y 17 segundos.', '2025-07-01 14:01:54', '2025-07-01 14:01:54', 3, 1),
	(221, 'Actualizacion exitosa', 'Se actualizo la informacion del sistema correctamente', '2025-07-01 14:01:56', '2025-07-01 14:01:56', 2, 1),
	(222, 'Información de navegación', 'El usuario entro a :Configruacion del Sistema', '2025-07-01 14:01:58', '2025-07-01 14:01:58', 3, 1),
	(223, 'Información de navegación', 'El usuario entro a :Configruacion del Sistema', '2025-07-01 14:01:59', '2025-07-01 14:01:59', 3, 1),
	(224, 'Actualizacion exitosa', 'Se actualizo la informacion del sistema correctamente', '2025-07-01 14:02:05', '2025-07-01 14:02:05', 2, 1),
	(225, 'Información de navegación', 'El usuario entro a :Configruacion del Sistema', '2025-07-01 14:02:07', '2025-07-01 14:02:07', 3, 1),
	(226, 'Información de navegación', 'El usuario entro a :Configruacion del Sistema', '2025-07-01 14:02:07', '2025-07-01 14:02:07', 3, 1),
	(227, 'Información de navegación', 'El usuario entro a :Configruacion del Sistema', '2025-07-01 14:02:08', '2025-07-01 14:02:08', 3, 1),
	(228, 'Información de navegación', 'El usuario entro a :Configruacion del Sistema', '2025-07-01 14:05:55', '2025-07-01 14:05:55', 3, 1),
	(229, 'Información de navegación', 'El usuario entro a :Configruacion del Sistema', '2025-07-01 14:09:58', '2025-07-01 14:09:58', 3, 1),
	(230, 'Tiempo de inactividad', 'El usuario ha estado inactivo durante -Tiempo inactivo: 7 minutos y 56 segundos.', '2025-07-01 14:10:01', '2025-07-01 14:10:01', 3, 1),
	(231, 'Informacion de subida de archivos', 'El usuario subio una foto de perfil, donde se valido que exista la ruta solicitada para subir el archivo', '2025-07-01 14:10:05', '2025-07-01 14:10:05', 3, 1),
	(232, 'Actualizacion exitosa', 'Se actualizo la informacion del sistema correctamente', '2025-07-01 14:10:05', '2025-07-01 14:10:05', 2, 1),
	(233, 'Ocurrio un error inesperado', 'Metodo POST no encontrado, al momento de registrar o actualizar la informacion del sistema', '2025-07-01 14:10:07', '2025-07-01 14:10:07', 1, 1),
	(234, 'Informacion de subida de archivos', 'El usuario subio una foto de perfil, donde se valido que exista la ruta solicitada para subir el archivo', '2025-07-01 14:10:55', '2025-07-01 14:10:55', 3, 1),
	(235, 'Actualizacion exitosa', 'Se actualizo la informacion del sistema correctamente', '2025-07-01 14:10:55', '2025-07-01 14:10:55', 2, 1),
	(236, 'Información de navegación', 'El usuario entro a :Configruacion del Sistema', '2025-07-01 14:11:05', '2025-07-01 14:11:05', 3, 1),
	(237, 'Actualizacion exitosa', 'Se actualizo la informacion del sistema correctamente', '2025-07-01 14:11:12', '2025-07-01 14:11:12', 2, 1),
	(238, 'Información de navegación', 'El usuario entro a :Configruacion del Sistema', '2025-07-01 14:11:26', '2025-07-01 14:11:26', 3, 1),
	(239, 'Información de navegación', 'El usuario entro a :Configruacion del Sistema', '2025-07-01 14:11:55', '2025-07-01 14:11:55', 3, 1),
	(240, 'Informacion de subida de archivos', 'El usuario subio una foto de perfil, donde se valido que exista la ruta solicitada para subir el archivo', '2025-07-01 14:12:02', '2025-07-01 14:12:02', 3, 1),
	(241, 'Actualizacion exitosa', 'Se actualizo la informacion del sistema correctamente', '2025-07-01 14:12:02', '2025-07-01 14:12:02', 2, 1),
	(242, 'Información de navegación', 'El usuario entro a :Configruacion del Sistema', '2025-07-01 14:12:03', '2025-07-01 14:12:03', 3, 1),
	(243, 'Información de navegación', 'El usuario entro a :Configruacion del Sistema', '2025-07-01 14:12:04', '2025-07-01 14:12:04', 3, 1),
	(244, 'Informacion de subida de archivos', 'El usuario subio una foto de perfil, donde se valido que exista la ruta solicitada para subir el archivo', '2025-07-01 14:12:18', '2025-07-01 14:12:18', 3, 1),
	(245, 'Actualizacion exitosa', 'Se actualizo la informacion del sistema correctamente', '2025-07-01 14:12:18', '2025-07-01 14:12:18', 2, 1),
	(246, 'Información de navegación', 'El usuario entro a :Configruacion del Sistema', '2025-07-01 14:12:40', '2025-07-01 14:12:40', 3, 1),
	(247, 'Información de navegación', 'El usuario entro a :Configruacion del Sistema', '2025-07-01 14:16:30', '2025-07-01 14:16:30', 3, 1),
	(248, 'Información de navegación', 'El usuario entro a :Configruacion del Sistema', '2025-07-01 14:19:14', '2025-07-01 14:19:14', 3, 1),
	(249, 'Tiempo de inactividad', 'El usuario ha estado inactivo durante -Tiempo inactivo: 6 minutos y 55 segundos.', '2025-07-01 14:19:14', '2025-07-01 14:19:14', 3, 1),
	(250, 'Información de navegación', 'El usuario entro a :Configruacion del Sistema', '2025-07-01 14:19:14', '2025-07-01 14:19:14', 3, 1),
	(251, 'Informacion de subida de archivos', 'El usuario subio una foto de perfil, donde se valido que exista la ruta solicitada para subir el archivo', '2025-07-01 14:19:26', '2025-07-01 14:19:26', 3, 1),
	(252, 'Actualizacion exitosa', 'Se actualizo la informacion del sistema correctamente', '2025-07-01 14:19:26', '2025-07-01 14:19:26', 2, 1),
	(253, 'Información de navegación', 'El usuario entro a :Configruacion del Sistema', '2025-07-01 14:19:28', '2025-07-01 14:19:28', 3, 1),
	(254, 'Información de navegación', 'El usuario entro a :Configruacion del Sistema', '2025-07-01 14:19:31', '2025-07-01 14:19:31', 3, 1),
	(255, 'Actualizacion exitosa', 'Se actualizo la informacion del sistema correctamente', '2025-07-01 14:19:32', '2025-07-01 14:19:32', 2, 1),
	(256, 'Información de navegación', 'El usuario entro a :Configruacion del Sistema', '2025-07-01 14:19:35', '2025-07-01 14:19:35', 3, 1),
	(257, 'Actualizacion exitosa', 'Se actualizo la informacion del sistema correctamente', '2025-07-01 14:19:37', '2025-07-01 14:19:37', 2, 1),
	(258, 'Informacion de subida de archivos', 'El usuario subio una foto de perfil, donde se valido que exista la ruta solicitada para subir el archivo', '2025-07-01 14:19:49', '2025-07-01 14:19:49', 3, 1),
	(259, 'Actualizacion exitosa', 'Se actualizo la informacion del sistema correctamente', '2025-07-01 14:19:49', '2025-07-01 14:19:49', 2, 1),
	(260, 'Información de navegación', 'El usuario entro a :Configruacion del Sistema', '2025-07-01 14:19:51', '2025-07-01 14:19:51', 3, 1),
	(261, 'Información de navegación', 'El usuario entro a :Configruacion del Sistema', '2025-07-01 14:19:52', '2025-07-01 14:19:52', 3, 1),
	(262, 'Tiempo de inactividad', 'El usuario ha estado inactivo durante -Tiempo inactivo: 5 minutos y 37 segundos.', '2025-07-01 14:25:26', '2025-07-01 14:25:26', 3, 1),
	(263, 'Información de navegación', 'El usuario entro a :Configuracion del Sistema', '2025-07-01 14:25:27', '2025-07-01 14:25:27', 3, 1),
	(264, 'Información de navegación', 'El usuario entro a :Configuracion del Sistema', '2025-07-01 14:28:23', '2025-07-01 14:28:23', 3, 1),
	(265, 'Tiempo de inactividad', 'El usuario ha estado inactivo durante -Tiempo inactivo: 2 minutos y 59 segundos.', '2025-07-01 14:28:26', '2025-07-01 14:28:26', 3, 1),
	(266, 'Actualizacion exitosa', 'Se actualizo la informacion del sistema correctamente', '2025-07-01 14:28:39', '2025-07-01 14:28:39', 2, 1),
	(267, 'Información de navegación', 'El usuario entro a :Configuracion del Sistema', '2025-07-01 14:28:42', '2025-07-01 14:28:42', 3, 1),
	(268, 'Información de navegación', 'El usuario entro a :Configuracion del Sistema', '2025-07-01 15:50:35', '2025-07-01 15:50:35', 3, 1),
	(269, 'Información de navegación', 'El usuario entro a :Configuracion del Sistema', '2025-07-01 15:52:00', '2025-07-01 15:52:00', 3, 1),
	(270, 'Información de navegación', 'El usuario entro a :Configuracion del Sistema', '2025-07-01 17:03:47', '2025-07-01 17:03:47', 3, 1),
	(271, 'Información de navegación', 'Cuenta de usuario bloqueada por inactividad', '2025-07-01 17:04:35', '2025-07-01 17:04:35', 3, 1),
	(272, 'Información de navegación', 'El usuario entró a :Bloqueo de pantalla', '2025-07-01 17:04:35', '2025-07-01 17:04:35', 3, 1),
	(273, 'Ocurrió un error inesperado', 'El usuario OHl4NXRSbFRqbSs1UW9mbEpxNnNPQT09 o contraseña N04zZjJLRENBd3RaS1dMYUFlazJidz09 que esta intentando ingresar no existe', '2025-07-01 17:04:40', '2025-07-01 17:04:40', 1, 1),
	(274, 'Ocurrió un error inesperado', 'El usuario OHl4NXRSbFRqbSs1UW9mbEpxNnNPQT09 o contraseña N04zZjJLRENBd3RaS1dMYUFlazJidz09 que esta intentando ingresar no existe', '2025-07-01 17:04:46', '2025-07-01 17:04:46', 1, 1),
	(275, 'Inicio de sesion exitoso', 'El usuario Super Administrador Sistema Roles, completo de manera satisfactoria el desbloqueo del sistema', '2025-07-01 17:04:52', '2025-07-01 17:04:52', 2, 1),
	(276, 'Información de navegación', 'El usuario entro a :Panel de control', '2025-07-01 17:04:53', '2025-07-01 17:04:53', 3, 1),
	(277, 'Información de navegación', 'El usuario entro a :Configuracion del Sistema', '2025-07-01 17:05:01', '2025-07-01 17:05:01', 3, 1),
	(278, 'Información de navegación', 'El usuario entro a :Configuracion del Sistema', '2025-07-01 17:05:15', '2025-07-01 17:05:15', 3, 1),
	(279, 'Tiempo de inactividad', 'El usuario ha estado inactivo durante -Tiempo inactivo: 7 minutos y 40 segundos.', '2025-07-01 17:12:41', '2025-07-01 17:12:41', 3, 1),
	(280, 'Información de navegación', 'El usuario entro a :Configuracion del Sistema', '2025-07-01 17:12:42', '2025-07-01 17:12:42', 3, 1),
	(281, 'Información de navegación', 'El usuario entro a :Configuracion del Sistema', '2025-07-01 17:12:44', '2025-07-01 17:12:44', 3, 1),
	(282, 'Información de navegación', 'El usuario entro a :Configuracion del Sistema', '2025-07-01 17:12:45', '2025-07-01 17:12:45', 3, 1),
	(283, 'Información de navegación', 'El usuario entro a :Configuracion del Sistema', '2025-07-01 17:12:45', '2025-07-01 17:12:45', 3, 1),
	(284, 'Información de navegación', 'El usuario entro a :Configuracion del Sistema', '2025-07-01 17:12:45', '2025-07-01 17:12:45', 3, 1),
	(285, 'Información de navegación', 'El usuario entro a :Configuracion del Sistema', '2025-07-01 17:12:45', '2025-07-01 17:12:45', 3, 1),
	(286, 'Información de navegación', 'El usuario entro a :Configuracion del Sistema', '2025-07-01 17:12:45', '2025-07-01 17:12:45', 3, 1),
	(287, 'Información de navegación', 'El usuario entro a :Configuracion del Sistema', '2025-07-01 17:12:46', '2025-07-01 17:12:46', 3, 1),
	(288, 'Información de navegación', 'El usuario entro a :Configuracion del Sistema', '2025-07-01 17:12:46', '2025-07-01 17:12:46', 3, 1),
	(289, 'Información de navegación', 'El usuario entro a :Configuracion del Sistema', '2025-07-01 17:12:46', '2025-07-01 17:12:46', 3, 1),
	(290, 'Ocurrio un error inesperado', 'La imagen es muy grande, el tamaño permitido es de 2MB, para el logo del sistema', '2025-07-01 17:13:26', '2025-07-01 17:13:26', 1, 1),
	(291, 'Informacion de subida de archivos', 'El usuario subio una foto de perfil, donde se valido que exista la ruta solicitada para subir el archivo', '2025-07-01 17:14:17', '2025-07-01 17:14:17', 3, 1),
	(292, 'Actualizacion exitosa', 'Se actualizo la informacion del sistema correctamente', '2025-07-01 17:14:17', '2025-07-01 17:14:17', 2, 1),
	(293, 'Información de navegación', 'El usuario entro a :Configuracion del Sistema', '2025-07-01 17:14:20', '2025-07-01 17:14:20', 3, 1),
	(294, 'Información de navegación', 'El usuario entro a :Configuracion del Sistema', '2025-07-01 17:17:42', '2025-07-01 17:17:42', 3, 1),
	(295, 'Tiempo de inactividad', 'El usuario ha estado inactivo durante -Tiempo inactivo: 3 minutos y 26 segundos.', '2025-07-01 17:17:43', '2025-07-01 17:17:43', 3, 1),
	(296, 'Información de navegación', 'El usuario entro a :Configuracion del Sistema', '2025-07-01 17:17:44', '2025-07-01 17:17:44', 3, 1),
	(297, 'Información de navegación', 'El usuario entro a :Configuracion del Sistema', '2025-07-01 17:17:45', '2025-07-01 17:17:45', 3, 1),
	(298, 'Información de navegación', 'El usuario entro a :Configuracion del Sistema', '2025-07-01 17:17:46', '2025-07-01 17:17:46', 3, 1),
	(299, 'Información de navegación', 'El usuario entro a :Configuracion del Sistema', '2025-07-01 17:17:46', '2025-07-01 17:17:46', 3, 1),
	(300, 'Información de navegación', 'El usuario entro a :Configuracion del Sistema', '2025-07-01 17:17:46', '2025-07-01 17:17:46', 3, 1),
	(301, 'Información de navegación', 'El usuario entro a :Configuracion del Sistema', '2025-07-01 17:17:47', '2025-07-01 17:17:47', 3, 1),
	(302, 'Información de navegación', 'El usuario entro a :Configuracion del Sistema', '2025-07-01 17:17:47', '2025-07-01 17:17:47', 3, 1),
	(303, 'Información de navegación', 'El usuario entro a :Configuracion del Sistema', '2025-07-01 17:17:47', '2025-07-01 17:17:47', 3, 1),
	(304, 'Información de navegación', 'El usuario entro a :Configuracion del Sistema', '2025-07-01 17:18:11', '2025-07-01 17:18:11', 3, 1),
	(305, 'Información de navegación', 'El usuario entro a :Configuracion del Sistema', '2025-07-01 17:18:12', '2025-07-01 17:18:12', 3, 1),
	(306, 'Información de navegación', 'El usuario entro a :Configuracion del Sistema', '2025-07-01 17:18:13', '2025-07-01 17:18:13', 3, 1),
	(307, 'Información de navegación', 'El usuario entro a :Configuracion del Sistema', '2025-07-01 17:18:13', '2025-07-01 17:18:13', 3, 1),
	(308, 'Información de navegación', 'El usuario entro a :Configuracion del Sistema', '2025-07-01 17:18:33', '2025-07-01 17:18:33', 3, 1),
	(309, 'Información de navegación', 'El usuario entro a :Configuracion del Sistema', '2025-07-01 17:19:05', '2025-07-01 17:19:05', 3, 1),
	(310, 'Información de navegación', 'El usuario entro a :Configuracion del Sistema', '2025-07-01 17:19:21', '2025-07-01 17:19:21', 3, 1),
	(311, 'Tiempo de inactividad', 'El usuario ha estado inactivo durante -Tiempo inactivo: 1 minutos y 4 segundos.', '2025-07-01 17:19:37', '2025-07-01 17:19:37', 3, 1),
	(312, 'Información de navegación', 'El usuario entro a :Configuracion del Sistema', '2025-07-01 17:19:39', '2025-07-01 17:19:39', 3, 1),
	(313, 'Información de navegación', 'El usuario entro a :Configuracion del Sistema', '2025-07-01 17:19:39', '2025-07-01 17:19:39', 3, 1),
	(314, 'Información de navegación', 'El usuario entro a :Configuracion del Sistema', '2025-07-01 17:19:40', '2025-07-01 17:19:40', 3, 1),
	(315, 'Información de navegación', 'El usuario entro a :Configuracion del Sistema', '2025-07-01 17:19:40', '2025-07-01 17:19:40', 3, 1),
	(316, 'Información de navegación', 'El usuario entro a :Configuracion del Sistema', '2025-07-01 17:19:40', '2025-07-01 17:19:40', 3, 1),
	(317, 'Información de navegación', 'El usuario entro a :Configuracion del Sistema', '2025-07-01 17:19:40', '2025-07-01 17:19:40', 3, 1),
	(318, 'Información de navegación', 'El usuario entro a :Configuracion del Sistema', '2025-07-01 17:19:40', '2025-07-01 17:19:40', 3, 1),
	(319, 'Información de navegación', 'El usuario entro a :Configuracion del Sistema', '2025-07-01 17:19:41', '2025-07-01 17:19:41', 3, 1),
	(320, 'Información de navegación', 'El usuario entro a :Configuracion del Sistema', '2025-07-01 17:19:41', '2025-07-01 17:19:41', 3, 1),
	(321, 'Información de navegación', 'El usuario entro a :Configuracion del Sistema', '2025-07-01 17:19:41', '2025-07-01 17:19:41', 3, 1),
	(322, 'Información de navegación', 'El usuario entro a :Configuracion del Sistema', '2025-07-01 17:19:41', '2025-07-01 17:19:41', 3, 1),
	(323, 'Cierre de sesión', 'El usuario Super Administrador Sistema Roles ha cerrado sesión en el sistema', '2025-07-01 17:19:52', '2025-07-01 17:19:52', 2, 1),
	(324, 'Inicio de sesión exitoso', 'El usuario Super Administrador Sistema Roles, completo de manera satisfactoria el inicio de sesion', '2025-07-01 17:19:56', '2025-07-01 17:19:56', 2, 1),
	(325, 'Información de navegación', 'El usuario entro a :Panel de control', '2025-07-01 17:19:57', '2025-07-01 17:19:57', 3, 1),
	(326, 'Cierre de sesión', 'El usuario Super Administrador Sistema Roles ha cerrado sesión en el sistema', '2025-07-01 17:20:12', '2025-07-01 17:20:12', 2, 1),
	(327, 'Inicio de sesión exitoso', 'El usuario Super Administrador Sistema Roles, completo de manera satisfactoria el inicio de sesion', '2025-07-01 17:20:23', '2025-07-01 17:20:23', 2, 1),
	(328, 'Información de navegación', 'El usuario entro a :Panel de control', '2025-07-01 17:20:24', '2025-07-01 17:20:24', 3, 1),
	(329, 'Información de navegación', 'El usuario entro a :Panel de control', '2025-07-01 17:22:48', '2025-07-01 17:22:48', 3, 1),
	(330, 'Información de navegación', 'El usuario entro a :Panel de control', '2025-07-01 17:22:51', '2025-07-01 17:22:51', 3, 1),
	(331, 'Información de navegación', 'El usuario entro a :Panel de control', '2025-07-01 17:22:51', '2025-07-01 17:22:51', 3, 1),
	(332, 'Información de navegación', 'El usuario entro a :Panel de control', '2025-07-01 17:22:51', '2025-07-01 17:22:51', 3, 1),
	(333, 'Información de navegación', 'El usuario entro a :Panel de control', '2025-07-01 17:23:03', '2025-07-01 17:23:03', 3, 1),
	(334, 'Información de navegación', 'El usuario entro a :Panel de control', '2025-07-01 17:24:30', '2025-07-01 17:24:30', 3, 1),
	(335, 'Información de navegación', 'El usuario entro a :Panel de control', '2025-07-01 17:24:52', '2025-07-01 17:24:52', 3, 1),
	(336, 'Tiempo de inactividad', 'El usuario ha estado inactivo durante -Tiempo inactivo: 1 minutos y 50 segundos.', '2025-07-01 17:24:53', '2025-07-01 17:24:53', 3, 1),
	(337, 'Información de navegación', 'El usuario entro a :Panel de control', '2025-07-01 17:24:54', '2025-07-01 17:24:54', 3, 1),
	(338, 'Información de navegación', 'El usuario entro a :Panel de control', '2025-07-01 17:24:55', '2025-07-01 17:24:55', 3, 1),
	(339, 'Información de navegación', 'El usuario entro a :Panel de control', '2025-07-01 17:24:55', '2025-07-01 17:24:55', 3, 1),
	(340, 'Información de navegación', 'El usuario entro a :Panel de control', '2025-07-01 17:24:55', '2025-07-01 17:24:55', 3, 1),
	(341, 'Información de navegación', 'El usuario entro a :Panel de control', '2025-07-01 17:25:59', '2025-07-01 17:25:59', 3, 1),
	(342, 'Tiempo de inactividad', 'El usuario ha estado inactivo durante -Tiempo inactivo: 1 minutos y 5 segundos.', '2025-07-01 17:26:00', '2025-07-01 17:26:00', 3, 1),
	(343, 'Información de navegación', 'El usuario entro a :Panel de control', '2025-07-01 17:26:01', '2025-07-01 17:26:01', 3, 1),
	(344, 'Información de navegación', 'El usuario entro a :Panel de control', '2025-07-01 17:26:12', '2025-07-01 17:26:12', 3, 1),
	(345, 'Información de navegación', 'El usuario entro a :Panel de control', '2025-07-01 17:26:12', '2025-07-01 17:26:12', 3, 1),
	(346, 'Información de navegación', 'El usuario entro a :Panel de control', '2025-07-01 17:26:15', '2025-07-01 17:26:15', 3, 1),
	(347, 'Información de navegación', 'El usuario entro a :Panel de control', '2025-07-01 17:26:15', '2025-07-01 17:26:15', 3, 1),
	(348, 'Información de navegación', 'El usuario entro a :Panel de control', '2025-07-01 17:26:15', '2025-07-01 17:26:15', 3, 1),
	(349, 'Información de navegación', 'El usuario entro a :Panel de control', '2025-07-01 17:26:15', '2025-07-01 17:26:15', 3, 1),
	(350, 'Información de navegación', 'El usuario entro a :Panel de control', '2025-07-01 17:26:16', '2025-07-01 17:26:16', 3, 1),
	(351, 'Información de navegación', 'El usuario entro a :Panel de control', '2025-07-01 17:26:16', '2025-07-01 17:26:16', 3, 1),
	(352, 'Información de navegación', 'El usuario entro a :Panel de control', '2025-07-01 17:26:16', '2025-07-01 17:26:16', 3, 1),
	(353, 'Información de navegación', 'El usuario entro a :Panel de control', '2025-07-01 17:26:16', '2025-07-01 17:26:16', 3, 1),
	(354, 'Información de navegación', 'El usuario entro a :Panel de control', '2025-07-01 17:26:16', '2025-07-01 17:26:16', 3, 1),
	(355, 'Información de navegación', 'El usuario entro a :Panel de control', '2025-07-01 17:26:17', '2025-07-01 17:26:17', 3, 1),
	(356, 'Información de navegación', 'El usuario entro a :Panel de control', '2025-07-01 17:26:17', '2025-07-01 17:26:17', 3, 1),
	(357, 'Información de navegación', 'El usuario entro a :Panel de control', '2025-07-01 17:26:17', '2025-07-01 17:26:17', 3, 1),
	(358, 'Información de navegación', 'El usuario entro a :Panel de control', '2025-07-01 17:26:17', '2025-07-01 17:26:17', 3, 1),
	(359, 'Información de navegación', 'El usuario entro a :Panel de control', '2025-07-01 17:26:17', '2025-07-01 17:26:17', 3, 1),
	(360, 'Información de navegación', 'El usuario entro a :Panel de control', '2025-07-01 17:26:17', '2025-07-01 17:26:17', 3, 1),
	(361, 'Información de navegación', 'El usuario entro a :Panel de control', '2025-07-01 17:26:17', '2025-07-01 17:26:17', 3, 1),
	(362, 'Información de navegación', 'El usuario entro a :Panel de control', '2025-07-01 17:26:18', '2025-07-01 17:26:18', 3, 1),
	(363, 'Información de navegación', 'El usuario entro a :Panel de control', '2025-07-01 17:26:18', '2025-07-01 17:26:18', 3, 1),
	(364, 'Información de navegación', 'El usuario entro a :Panel de control', '2025-07-01 17:26:18', '2025-07-01 17:26:18', 3, 1),
	(365, 'Información de navegación', 'El usuario entro a :Panel de control', '2025-07-01 17:26:18', '2025-07-01 17:26:18', 3, 1),
	(366, 'Información de navegación', 'El usuario entro a :Panel de control', '2025-07-01 17:26:18', '2025-07-01 17:26:18', 3, 1),
	(367, 'Información de navegación', 'El usuario entro a :Panel de control', '2025-07-01 17:26:19', '2025-07-01 17:26:19', 3, 1),
	(368, 'Información de navegación', 'El usuario entro a :Panel de control', '2025-07-01 17:26:19', '2025-07-01 17:26:19', 3, 1),
	(369, 'Información de navegación', 'El usuario entro a :Panel de control', '2025-07-01 17:26:19', '2025-07-01 17:26:19', 3, 1),
	(370, 'Información de navegación', 'El usuario entro a :Panel de control', '2025-07-01 17:26:19', '2025-07-01 17:26:19', 3, 1),
	(371, 'Información de navegación', 'El usuario entro a :Panel de control', '2025-07-01 17:26:19', '2025-07-01 17:26:19', 3, 1),
	(372, 'Información de navegación', 'El usuario entro a :Panel de control', '2025-07-01 17:26:20', '2025-07-01 17:26:20', 3, 1),
	(373, 'Información de navegación', 'El usuario entro a :Panel de control', '2025-07-01 17:26:20', '2025-07-01 17:26:20', 3, 1),
	(374, 'Información de navegación', 'El usuario entro a :Panel de control', '2025-07-01 17:26:20', '2025-07-01 17:26:20', 3, 1),
	(375, 'Información de navegación', 'El usuario entro a :Panel de control', '2025-07-01 17:26:20', '2025-07-01 17:26:20', 3, 1),
	(376, 'Información de navegación', 'El usuario entro a :Panel de control', '2025-07-01 17:26:20', '2025-07-01 17:26:20', 3, 1),
	(377, 'Información de navegación', 'El usuario entro a :Panel de control', '2025-07-01 17:26:21', '2025-07-01 17:26:21', 3, 1),
	(378, 'Información de navegación', 'El usuario entro a :Panel de control', '2025-07-01 17:26:21', '2025-07-01 17:26:21', 3, 1),
	(379, 'Información de navegación', 'El usuario entro a :Panel de control', '2025-07-01 17:26:21', '2025-07-01 17:26:21', 3, 1),
	(380, 'Información de navegación', 'El usuario entro a :Panel de control', '2025-07-01 17:26:21', '2025-07-01 17:26:21', 3, 1),
	(381, 'Información de navegación', 'El usuario entro a :Panel de control', '2025-07-01 17:26:21', '2025-07-01 17:26:21', 3, 1),
	(382, 'Información de navegación', 'El usuario entro a :Panel de control', '2025-07-01 17:26:42', '2025-07-01 17:26:42', 3, 1),
	(383, 'Cierre de sesión', 'El usuario Super Administrador Sistema Roles ha cerrado sesión en el sistema', '2025-07-01 17:26:45', '2025-07-01 17:26:45', 2, 1),
	(384, 'Intento de inicio de interfaz', 'No se logro intentar iniciar la interfaz desde la parte externa del sistema, IP de intento de logeo - ::1', '2025-07-01 17:28:37', '2025-07-01 17:28:37', 1, 0),
	(385, 'Ocurrio un error inesperado', 'Error: SQLSTATE[23000]: Integrity constraint violation: 1048 Column \'user_id\' cannot be null - 23000', '2025-07-01 17:28:38', '2025-07-01 17:28:38', 1, 0),
	(386, 'Inicio de sesión exitoso', 'El usuario Super Administrador Sistema Roles, completo de manera satisfactoria el inicio de sesion', '2025-07-01 17:32:50', '2025-07-01 17:32:50', 2, 1),
	(387, 'Información de navegación', 'El usuario entro a :Panel de control', '2025-07-01 17:32:51', '2025-07-01 17:32:51', 3, 1),
	(388, 'Información de navegación', 'El usuario entro a :Configuracion del Sistema', '2025-07-01 17:32:56', '2025-07-01 17:32:56', 3, 1),
	(389, 'Tiempo de inactividad', 'El usuario ha estado inactivo durante -Tiempo inactivo: 11 minutos y 30 segundos.', '2025-07-01 17:44:26', '2025-07-01 17:44:26', 3, 1),
	(390, 'Información de navegación', 'El usuario entro a :Configuracion del Sistema', '2025-07-01 17:44:27', '2025-07-01 17:44:27', 3, 1),
	(391, 'Información de navegación', 'El usuario entro a :Configuracion del Sistema', '2025-07-01 17:44:27', '2025-07-01 17:44:27', 3, 1),
	(392, 'Información de navegación', 'El usuario entro a :Configuracion del Sistema', '2025-07-01 17:44:28', '2025-07-01 17:44:28', 3, 1),
	(393, 'Información de navegación', 'El usuario entro a :Configuracion del Sistema', '2025-07-01 17:44:29', '2025-07-01 17:44:29', 3, 1),
	(394, 'Información de navegación', 'El usuario entro a :Configuracion del Sistema', '2025-07-01 17:44:29', '2025-07-01 17:44:29', 3, 1),
	(395, 'Información de navegación', 'El usuario entro a :Configuracion del Sistema', '2025-07-01 17:44:29', '2025-07-01 17:44:29', 3, 1),
	(396, 'Información de navegación', 'El usuario entro a :Configuracion del Sistema', '2025-07-01 17:44:29', '2025-07-01 17:44:29', 3, 1),
	(397, 'Información de navegación', 'El usuario entro a :Configuracion del Sistema', '2025-07-01 17:44:29', '2025-07-01 17:44:29', 3, 1),
	(398, 'Información de navegación', 'El usuario entro a :Configuracion del Sistema', '2025-07-01 17:44:29', '2025-07-01 17:44:29', 3, 1),
	(399, 'Información de navegación', 'El usuario entro a :Configuracion del Sistema', '2025-07-01 17:44:29', '2025-07-01 17:44:29', 3, 1),
	(400, 'Información de navegación', 'El usuario entro a :Configuracion del Sistema', '2025-07-01 17:44:30', '2025-07-01 17:44:30', 3, 1),
	(401, 'Información de navegación', 'El usuario entro a :Configuracion del Sistema', '2025-07-01 17:44:30', '2025-07-01 17:44:30', 3, 1),
	(402, 'Información de navegación', 'El usuario entro a :Configuracion del Sistema', '2025-07-01 17:44:30', '2025-07-01 17:44:30', 3, 1),
	(403, 'Información de navegación', 'El usuario entro a :Configuracion del Sistema', '2025-07-01 17:44:30', '2025-07-01 17:44:30', 3, 1),
	(404, 'Información de navegación', 'El usuario entro a :Configuracion del Sistema', '2025-07-01 17:44:30', '2025-07-01 17:44:30', 3, 1),
	(405, 'Información de navegación', 'El usuario entro a :Configuracion del Sistema', '2025-07-01 17:44:30', '2025-07-01 17:44:30', 3, 1),
	(406, 'Información de navegación', 'El usuario entro a :Configuracion del Sistema', '2025-07-01 17:44:30', '2025-07-01 17:44:30', 3, 1),
	(407, 'Información de navegación', 'El usuario entro a :Configuracion del Sistema', '2025-07-01 17:44:31', '2025-07-01 17:44:31', 3, 1),
	(408, 'Información de navegación', 'El usuario entro a :Configuracion del Sistema', '2025-07-01 17:44:31', '2025-07-01 17:44:31', 3, 1),
	(409, 'Información de navegación', 'El usuario entro a :Configuracion del Sistema', '2025-07-01 17:44:31', '2025-07-01 17:44:31', 3, 1),
	(410, 'Información de navegación', 'El usuario entro a :Configuracion del Sistema', '2025-07-01 17:44:31', '2025-07-01 17:44:31', 3, 1),
	(411, 'Información de navegación', 'El usuario entro a :Configuracion del Sistema', '2025-07-01 17:44:31', '2025-07-01 17:44:31', 3, 1),
	(412, 'Información de navegación', 'El usuario entro a :Configuracion del Sistema', '2025-07-01 17:44:31', '2025-07-01 17:44:31', 3, 1),
	(413, 'Información de navegación', 'El usuario entro a :Configuracion del Sistema', '2025-07-01 17:44:31', '2025-07-01 17:44:31', 3, 1),
	(414, 'Información de navegación', 'El usuario entro a :Configuracion del Sistema', '2025-07-01 17:44:31', '2025-07-01 17:44:31', 3, 1),
	(415, 'Información de navegación', 'El usuario entro a :Configuracion del Sistema', '2025-07-01 17:44:31', '2025-07-01 17:44:31', 3, 1),
	(416, 'Información de navegación', 'El usuario entro a :Configuracion del Sistema', '2025-07-01 17:44:32', '2025-07-01 17:44:32', 3, 1),
	(417, 'Información de navegación', 'El usuario entro a :Configuracion del Sistema', '2025-07-01 17:44:32', '2025-07-01 17:44:32', 3, 1),
	(418, 'Información de navegación', 'El usuario entro a :Configuracion del Sistema', '2025-07-01 17:44:32', '2025-07-01 17:44:32', 3, 1),
	(419, 'Información de navegación', 'El usuario entro a :Configuracion del Sistema', '2025-07-01 17:44:32', '2025-07-01 17:44:32', 3, 1),
	(420, 'Información de navegación', 'El usuario entro a :Configuracion del Sistema', '2025-07-01 17:44:32', '2025-07-01 17:44:32', 3, 1),
	(421, 'Información de navegación', 'El usuario entro a :Configuracion del Sistema', '2025-07-01 17:44:32', '2025-07-01 17:44:32', 3, 1),
	(422, 'Información de navegación', 'El usuario entro a :Configuracion del Sistema', '2025-07-01 17:44:32', '2025-07-01 17:44:32', 3, 1),
	(423, 'Información de navegación', 'El usuario entro a :Configuracion del Sistema', '2025-07-01 17:44:33', '2025-07-01 17:44:33', 3, 1),
	(424, 'Información de navegación', 'El usuario entro a :Configuracion del Sistema', '2025-07-01 17:44:33', '2025-07-01 17:44:33', 3, 1),
	(425, 'Información de navegación', 'El usuario entro a :Configuracion del Sistema', '2025-07-01 17:44:33', '2025-07-01 17:44:33', 3, 1),
	(426, 'Información de navegación', 'El usuario entro a :Configuracion del Sistema', '2025-07-01 17:44:33', '2025-07-01 17:44:33', 3, 1),
	(427, 'Información de navegación', 'El usuario entro a :Configuracion del Sistema', '2025-07-01 17:44:33', '2025-07-01 17:44:33', 3, 1),
	(428, 'Información de navegación', 'El usuario entro a :Configuracion del Sistema', '2025-07-01 17:44:33', '2025-07-01 17:44:33', 3, 1),
	(429, 'Información de navegación', 'El usuario entro a :Configuracion del Sistema', '2025-07-01 17:44:33', '2025-07-01 17:44:33', 3, 1),
	(430, 'Información de navegación', 'El usuario entro a :Configuracion del Sistema', '2025-07-01 17:44:33', '2025-07-01 17:44:33', 3, 1),
	(431, 'Información de navegación', 'El usuario entro a :Configuracion del Sistema', '2025-07-01 17:44:33', '2025-07-01 17:44:33', 3, 1),
	(432, 'Información de navegación', 'El usuario entro a :Configuracion del Sistema', '2025-07-01 17:44:33', '2025-07-01 17:44:33', 3, 1),
	(433, 'Información de navegación', 'El usuario entro a :Configuracion del Sistema', '2025-07-01 17:44:33', '2025-07-01 17:44:33', 3, 1),
	(434, 'Información de navegación', 'El usuario entro a :Configuracion del Sistema', '2025-07-01 17:44:34', '2025-07-01 17:44:34', 3, 1),
	(435, 'Información de navegación', 'El usuario entro a :Configuracion del Sistema', '2025-07-01 17:44:34', '2025-07-01 17:44:34', 3, 1),
	(436, 'Información de navegación', 'El usuario entro a :Configuracion del Sistema', '2025-07-02 13:12:38', '2025-07-02 13:12:38', 3, 1),
	(437, 'Información de navegación', 'El usuario entro a :Configuracion del Sistema', '2025-07-02 13:13:32', '2025-07-02 13:13:32', 3, 1),
	(438, 'Información de navegación', 'El usuario entro a :Configuracion del Sistema', '2025-07-02 13:13:34', '2025-07-02 13:13:34', 3, 1),
	(439, 'Información de navegación', 'Cuenta de usuario bloqueada por inactividad', '2025-07-02 13:13:35', '2025-07-02 13:13:35', 3, 1),
	(440, 'Información de navegación', 'El usuario entró a :Bloqueo de pantalla', '2025-07-02 13:13:35', '2025-07-02 13:13:35', 3, 1),
	(441, 'Inicio de sesion exitoso', 'El usuario Super Administrador Sistema Roles, completo de manera satisfactoria el desbloqueo del sistema', '2025-07-02 13:13:43', '2025-07-02 13:13:43', 2, 1),
	(442, 'Información de navegación', 'El usuario entro a :Panel de control', '2025-07-02 13:13:44', '2025-07-02 13:13:44', 3, 1),
	(443, 'Información de navegación', 'El usuario entro a :Configuracion del Sistema', '2025-07-02 13:13:47', '2025-07-02 13:13:47', 3, 1),
	(444, 'Informacion de subida de archivos', 'El usuario subio una foto de perfil, donde se valido que exista la ruta solicitada para subir el archivo', '2025-07-02 13:14:09', '2025-07-02 13:14:09', 3, 1),
	(445, 'Actualizacion exitosa', 'Se actualizo la informacion del sistema correctamente', '2025-07-02 13:14:09', '2025-07-02 13:14:09', 2, 1),
	(446, 'Información de navegación', 'El usuario entro a :Configuracion del Sistema', '2025-07-02 13:14:11', '2025-07-02 13:14:11', 3, 1),
	(447, 'Información de navegación', 'El usuario entro a :Configuracion del Sistema', '2025-07-02 13:14:15', '2025-07-02 13:14:15', 3, 1),
	(448, 'Información de navegación', 'El usuario entro a :Configuracion del Sistema', '2025-07-02 13:14:23', '2025-07-02 13:14:23', 3, 1),
	(449, 'Tiempo de inactividad', 'El usuario ha estado inactivo durante -Tiempo inactivo: 1 minutos y 1 segundos.', '2025-07-02 13:15:24', '2025-07-02 13:15:24', 3, 1),
	(450, 'Información de navegación', 'El usuario entro a :Panel de control', '2025-07-02 13:15:24', '2025-07-02 13:15:24', 3, 1),
	(451, 'Información de navegación', 'El usuario entro a :Panel de control', '2025-07-02 13:15:24', '2025-07-02 13:15:24', 3, 1),
	(452, 'Tiempo de inactividad', 'El usuario ha estado inactivo durante -Tiempo inactivo: 12 minutos y 39 segundos.', '2025-07-02 13:28:03', '2025-07-02 13:28:03', 3, 1),
	(453, 'Información de navegación', 'El usuario entro a :Configuracion del Sistema', '2025-07-02 13:28:04', '2025-07-02 13:28:04', 3, 1),
	(454, 'Información de navegación', 'El usuario entro a :Panel de control', '2025-07-02 13:28:07', '2025-07-02 13:28:07', 3, 1),
	(455, 'Información de navegación', 'El usuario entro a :Configuracion del Sistema', '2025-07-02 13:28:11', '2025-07-02 13:28:11', 3, 1),
	(456, 'Información de navegación', 'El usuario entro a :Configuracion del Sistema', '2025-07-02 13:28:16', '2025-07-02 13:28:16', 3, 1),
	(457, 'Información de navegación', 'El usuario entro a :Configuracion del Sistema', '2025-07-02 13:28:23', '2025-07-02 13:28:23', 3, 1),
	(458, 'Información de navegación', 'El usuario entro a :Panel de control', '2025-07-02 13:28:43', '2025-07-02 13:28:43', 3, 1),
	(459, 'Información de navegación', 'El usuario entro a :Configuracion del Sistema', '2025-07-02 13:28:46', '2025-07-02 13:28:46', 3, 1),
	(460, 'Información de navegación', 'El usuario entro a :Gestión de Roles', '2025-07-02 13:28:50', '2025-07-02 13:28:50', 3, 1),
	(461, 'Información de navegación', 'El usuario entro a :Gestión de Roles', '2025-07-02 13:28:59', '2025-07-02 13:28:59', 3, 1),
	(462, 'Información de navegación', 'El usuario entro a :Gestión de Roles', '2025-07-02 13:29:35', '2025-07-02 13:29:35', 3, 1),
	(463, 'Información de navegación', 'El usuario entro a :Configuracion del Sistema', '2025-07-02 13:29:49', '2025-07-02 13:29:49', 3, 1),
	(464, 'Tiempo de inactividad', 'El usuario ha estado inactivo durante -Tiempo inactivo: 1 minutos y 0 segundos.', '2025-07-02 13:29:50', '2025-07-02 13:29:50', 3, 1),
	(465, 'Información de navegación', 'El usuario entro a :Gestión de Roles', '2025-07-02 13:30:05', '2025-07-02 13:30:05', 3, 1),
	(466, 'Información de navegación', 'El usuario entro a :Gestión de Roles', '2025-07-02 13:30:42', '2025-07-02 13:30:42', 3, 1),
	(467, 'Información de navegación', 'El usuario entro a :Gestión de Roles', '2025-07-02 13:31:29', '2025-07-02 13:31:29', 3, 1),
	(468, 'Tiempo de inactividad', 'El usuario ha estado inactivo durante -Tiempo inactivo: 1 minutos y 51 segundos.', '2025-07-02 13:31:56', '2025-07-02 13:31:56', 3, 1),
	(469, 'Información de navegación', 'El usuario entro a :Gestión de Roles', '2025-07-02 13:31:57', '2025-07-02 13:31:57', 3, 1),
	(470, 'Información de navegación', 'El usuario entro a :Gestión de Roles', '2025-07-02 13:32:00', '2025-07-02 13:32:00', 3, 1),
	(471, 'Información de navegación', 'El usuario entro a :Gestión de Roles', '2025-07-02 13:32:00', '2025-07-02 13:32:00', 3, 1),
	(472, 'Información de navegación', 'El usuario entro a :Gestión de Roles', '2025-07-02 13:32:28', '2025-07-02 13:32:28', 3, 1),
	(473, 'Información de navegación', 'El usuario entro a :Gestión de Roles', '2025-07-02 13:32:52', '2025-07-02 13:32:52', 3, 1),
	(474, 'Información de navegación', 'El usuario entro a :Gestión de Roles', '2025-07-02 13:34:34', '2025-07-02 13:34:34', 3, 1),
	(475, 'Tiempo de inactividad', 'El usuario ha estado inactivo durante -Tiempo inactivo: 1 minutos y 36 segundos.', '2025-07-02 13:34:35', '2025-07-02 13:34:35', 3, 1),
	(476, 'Información de navegación', 'El usuario entro a :Gestión de Roles', '2025-07-02 13:35:11', '2025-07-02 13:35:11', 3, 1),
	(477, 'Registro exitoso', 'El rol se ha registrado correctamente, al momento de registrar un usuario', '2025-07-02 13:35:18', '2025-07-02 13:35:18', 2, 1),
	(478, 'Eliminación correcta', 'Se eliminó de manera correcta el rol Usuario', '2025-07-02 13:35:23', '2025-07-02 13:35:23', 2, 1),
	(479, 'Información de navegación', 'El usuario entro a :Gestión de Roles', '2025-07-02 13:36:15', '2025-07-02 13:36:15', 3, 1),
	(480, 'Información de navegación', 'El usuario entro a :Gestión de Roles', '2025-07-02 13:36:24', '2025-07-02 13:36:24', 3, 1),
	(481, 'Información de navegación', 'El usuario entro a :Gestión de Roles', '2025-07-02 13:37:00', '2025-07-02 13:37:00', 3, 1),
	(482, 'Información de navegación', 'El usuario entro a :Gestión de Roles', '2025-07-02 13:37:28', '2025-07-02 13:37:28', 3, 1),
	(483, 'Rol actualizado', 'Se actualizo la informacion del rol con el id: 1', '2025-07-02 13:37:32', '2025-07-02 13:37:32', 1, 1),
	(484, 'Rol actualizado', 'Se actualizo la informacion del rol con el id: 1', '2025-07-02 13:37:40', '2025-07-02 13:37:40', 1, 1),
	(485, 'Información de navegación', 'El usuario entro a :Gestión de Roles', '2025-07-02 13:38:04', '2025-07-02 13:38:04', 3, 1),
	(486, 'Información de navegación', 'El usuario entro a :Gestión de Roles', '2025-07-02 13:38:07', '2025-07-02 13:38:07', 3, 1),
	(487, 'Información de navegación', 'El usuario entro a :Gestión de Roles', '2025-07-02 13:38:34', '2025-07-02 13:38:34', 3, 1),
	(488, 'Rol actualizado', 'Se actualizo la informacion del rol con el id: 1', '2025-07-02 13:38:38', '2025-07-02 13:38:38', 1, 1),
	(489, 'Información de navegación', 'El usuario entro a :Gestión de Roles', '2025-07-02 13:39:14', '2025-07-02 13:39:14', 3, 1),
	(490, 'Información de navegación', 'El usuario entro a :Gestión de Roles', '2025-07-02 13:39:14', '2025-07-02 13:39:14', 3, 1),
	(491, 'Información de navegación', 'El usuario entro a :Gestión de Roles', '2025-07-02 13:39:15', '2025-07-02 13:39:15', 3, 1),
	(492, 'Información de navegación', 'El usuario entro a :Gestión de Roles', '2025-07-02 13:39:15', '2025-07-02 13:39:15', 3, 1),
	(493, 'Rol actualizado', 'Se actualizo la informacion del rol con el id: 1', '2025-07-02 13:39:27', '2025-07-02 13:39:27', 1, 1),
	(494, 'Tiempo de inactividad', 'El usuario ha estado inactivo durante -Tiempo inactivo: 3 minutos y 27 segundos.', '2025-07-02 13:42:54', '2025-07-02 13:42:54', 3, 1),
	(495, 'Rol actualizado', 'Se actualizo la informacion del rol con el id: 1', '2025-07-02 13:43:00', '2025-07-02 13:43:00', 1, 1),
	(496, 'Rol actualizado', 'Se actualizo la informacion del rol con el id: 1', '2025-07-02 13:43:04', '2025-07-02 13:43:04', 1, 1),
	(497, 'Información de navegación', 'El usuario entro a :Gestión de Roles', '2025-07-02 13:47:41', '2025-07-02 13:47:41', 3, 1),
	(498, 'Tiempo de inactividad', 'El usuario ha estado inactivo durante -Tiempo inactivo: 4 minutos y 36 segundos.', '2025-07-02 13:47:43', '2025-07-02 13:47:43', 3, 1),
	(499, 'Información de navegación', 'El usuario entro a :Gestión de Roles', '2025-07-02 13:49:35', '2025-07-02 13:49:35', 3, 1),
	(500, 'Información de navegación', 'El usuario entro a :Configuracion del Sistema', '2025-07-02 13:51:27', '2025-07-02 13:51:27', 3, 1),
	(501, 'Tiempo de inactividad', 'El usuario ha estado inactivo durante -Tiempo inactivo: 3 minutos y 44 segundos.', '2025-07-02 13:51:27', '2025-07-02 13:51:27', 3, 1),
	(502, 'Información de navegación', 'El usuario entro a :Configuracion del Sistema', '2025-07-02 13:51:31', '2025-07-02 13:51:31', 3, 1),
	(503, 'Información de navegación', 'El usuario entro a :Configuracion del Sistema', '2025-07-02 13:54:53', '2025-07-02 13:54:53', 3, 1),
	(504, 'Información de navegación', 'El usuario entro a :Configuracion del Sistema', '2025-07-02 13:57:59', '2025-07-02 13:57:59', 3, 1),
	(505, 'Información de navegación', 'El usuario entro a :Configuracion del Sistema', '2025-07-02 13:59:41', '2025-07-02 13:59:41', 3, 1),
	(506, 'Información de navegación', 'El usuario entro a :Configuracion del Sistema', '2025-07-02 14:00:15', '2025-07-02 14:00:15', 3, 1),
	(507, 'Información de navegación', 'Cuenta de usuario bloqueada por inactividad', '2025-07-02 14:27:50', '2025-07-02 14:27:50', 3, 1),
	(508, 'Información de navegación', 'El usuario entró a :Bloqueo de pantalla', '2025-07-02 14:27:50', '2025-07-02 14:27:50', 3, 1),
	(509, 'Inicio de sesion exitoso', 'El usuario Super Administrador Sistema Roles, completo de manera satisfactoria el desbloqueo del sistema', '2025-07-02 14:28:04', '2025-07-02 14:28:04', 2, 1),
	(510, 'Información de navegación', 'El usuario entro a :Panel de control', '2025-07-02 14:28:05', '2025-07-02 14:28:05', 3, 1),
	(511, 'Información de navegación', 'El usuario entro a :Gestión de Roles', '2025-07-02 14:28:11', '2025-07-02 14:28:11', 3, 1),
	(512, 'Información de navegación', 'El usuario entro a :Configuracion del Sistema', '2025-07-02 14:28:33', '2025-07-02 14:28:33', 3, 1),
	(513, 'Información de navegación', 'El usuario entro a :Configuracion del Sistema', '2025-07-02 14:29:00', '2025-07-02 14:29:00', 3, 1),
	(514, 'Información de navegación', 'El usuario entro a :Configuracion del Sistema', '2025-07-02 14:30:29', '2025-07-02 14:30:29', 3, 1),
	(515, 'Información de navegación', 'El usuario entro a :Configuracion del Sistema', '2025-07-02 14:32:26', '2025-07-02 14:32:26', 3, 1),
	(516, 'Información de navegación', 'El usuario entro a :Configuracion del Sistema', '2025-07-02 14:33:24', '2025-07-02 14:33:24', 3, 1),
	(517, 'Información de navegación', 'El usuario entro a :Configuracion del Sistema', '2025-07-02 14:33:38', '2025-07-02 14:33:38', 3, 1),
	(518, 'Tiempo de inactividad', 'El usuario ha estado inactivo durante -Tiempo inactivo: 4 minutos y 47 segundos.', '2025-07-02 14:33:47', '2025-07-02 14:33:47', 3, 1),
	(519, 'Información de navegación', 'El usuario entro a :Configuracion del Sistema', '2025-07-02 14:34:20', '2025-07-02 14:34:20', 3, 1),
	(520, 'Información de navegación', 'El usuario entro a :Configuracion del Sistema', '2025-07-02 14:34:59', '2025-07-02 14:34:59', 3, 1),
	(521, 'Información de navegación', 'El usuario entro a :Configuracion del Sistema', '2025-07-02 14:36:37', '2025-07-02 14:36:37', 3, 1),
	(522, 'Información de navegación', 'El usuario entro a :Configuracion del Sistema', '2025-07-02 14:36:47', '2025-07-02 14:36:47', 3, 1),
	(523, 'Tiempo de inactividad', 'El usuario ha estado inactivo durante -Tiempo inactivo: 4 minutos y 53 segundos.', '2025-07-02 14:38:40', '2025-07-02 14:38:40', 3, 1),
	(524, 'Información de navegación', 'El usuario entro a :Configuracion del Sistema', '2025-07-02 14:38:40', '2025-07-02 14:38:40', 3, 1),
	(525, 'Información de navegación', 'El usuario entro a :Configuracion del Sistema', '2025-07-02 14:38:48', '2025-07-02 14:38:48', 3, 1),
	(526, 'Información de navegación', 'El usuario entro a :Configuracion del Sistema', '2025-07-02 14:38:51', '2025-07-02 14:38:51', 3, 1),
	(527, 'Información de navegación', 'El usuario entro a :Configuracion del Sistema', '2025-07-02 14:38:51', '2025-07-02 14:38:51', 3, 1),
	(528, 'Información de navegación', 'El usuario entro a :Configuracion del Sistema', '2025-07-02 14:38:52', '2025-07-02 14:38:52', 3, 1),
	(529, 'Información de navegación', 'El usuario entro a :Configuracion del Sistema', '2025-07-02 14:38:52', '2025-07-02 14:38:52', 3, 1),
	(530, 'Información de navegación', 'El usuario entro a :Configuracion del Sistema', '2025-07-02 14:38:52', '2025-07-02 14:38:52', 3, 1),
	(531, 'Tiempo de inactividad', 'El usuario ha estado inactivo durante -Tiempo inactivo: 1 minutos y 48 segundos.', '2025-07-02 14:40:39', '2025-07-02 14:40:39', 3, 1),
	(532, 'Información de navegación', 'El usuario entro a :Configuracion del Sistema', '2025-07-02 14:40:40', '2025-07-02 14:40:40', 3, 1),
	(533, 'Información de navegación', 'El usuario entro a :Configuracion del Sistema', '2025-07-02 14:40:40', '2025-07-02 14:40:40', 3, 1),
	(534, 'Información de navegación', 'El usuario entro a :Configuracion del Sistema', '2025-07-02 14:40:40', '2025-07-02 14:40:40', 3, 1),
	(535, 'Información de navegación', 'El usuario entro a :Configuracion del Sistema', '2025-07-02 14:40:40', '2025-07-02 14:40:40', 3, 1),
	(536, 'Información de navegación', 'El usuario entro a :Configuracion del Sistema', '2025-07-02 14:40:40', '2025-07-02 14:40:40', 3, 1),
	(537, 'Información de navegación', 'El usuario entro a :Configuracion del Sistema', '2025-07-02 14:40:41', '2025-07-02 14:40:41', 3, 1),
	(538, 'Información de navegación', 'El usuario entro a :Configuracion del Sistema', '2025-07-02 14:40:41', '2025-07-02 14:40:41', 3, 1),
	(539, 'Información de navegación', 'El usuario entro a :Configuracion del Sistema', '2025-07-02 14:41:04', '2025-07-02 14:41:04', 3, 1),
	(540, 'Información de navegación', 'El usuario entro a :Configuracion del Sistema', '2025-07-02 14:41:08', '2025-07-02 14:41:08', 3, 1),
	(541, 'Información de navegación', 'El usuario entro a :Configuracion del Sistema', '2025-07-02 14:41:08', '2025-07-02 14:41:08', 3, 1),
	(542, 'Información de navegación', 'El usuario entro a :Configuracion del Sistema', '2025-07-02 14:41:08', '2025-07-02 14:41:08', 3, 1),
	(543, 'Información de navegación', 'El usuario entro a :Configuracion del Sistema', '2025-07-02 14:41:09', '2025-07-02 14:41:09', 3, 1),
	(544, 'Información de navegación', 'El usuario entro a :Configuracion del Sistema', '2025-07-02 14:41:18', '2025-07-02 14:41:18', 3, 1),
	(545, 'Información de navegación', 'El usuario entro a :Configuracion del Sistema', '2025-07-02 14:42:16', '2025-07-02 14:42:16', 3, 1),
	(546, 'Información de navegación', 'El usuario entro a :Configuracion del Sistema', '2025-07-02 14:47:19', '2025-07-02 14:47:19', 3, 1),
	(547, 'Información de navegación', 'El usuario entro a :Configuracion del Sistema', '2025-07-02 14:47:54', '2025-07-02 14:47:54', 3, 1),
	(548, 'Tiempo de inactividad', 'El usuario ha estado inactivo durante -Tiempo inactivo: 6 minutos y 52 segundos.', '2025-07-02 14:48:10', '2025-07-02 14:48:10', 3, 1),
	(549, 'Información de navegación', 'El usuario entro a :Configuracion del Sistema', '2025-07-02 14:48:11', '2025-07-02 14:48:11', 3, 1),
	(550, 'Información de navegación', 'El usuario entro a :Configuracion del Sistema', '2025-07-02 14:49:37', '2025-07-02 14:49:37', 3, 1),
	(551, 'Información de navegación', 'El usuario entro a :Configuracion del Sistema', '2025-07-02 14:50:03', '2025-07-02 14:50:03', 3, 1),
	(552, 'Tiempo de inactividad', 'El usuario ha estado inactivo durante -Tiempo inactivo: 2 minutos y 15 segundos.', '2025-07-02 14:50:26', '2025-07-02 14:50:26', 3, 1),
	(553, 'Información de navegación', 'El usuario entro a :Configuracion del Sistema', '2025-07-02 15:02:01', '2025-07-02 15:02:01', 3, 1),
	(554, 'Información de navegación', 'El usuario entro a :Configuracion del Sistema', '2025-07-02 15:03:26', '2025-07-02 15:03:26', 3, 1),
	(555, 'Información de navegación', 'El usuario entro a :Configuracion del Sistema', '2025-07-02 15:03:34', '2025-07-02 15:03:34', 3, 1),
	(556, 'Información de navegación', 'El usuario entro a :Configuracion del Sistema', '2025-07-02 15:04:47', '2025-07-02 15:04:47', 3, 1),
	(557, 'Información de navegación', 'El usuario entro a :Configuracion del Sistema', '2025-07-02 15:05:51', '2025-07-02 15:05:51', 3, 1),
	(558, 'Información de navegación', 'El usuario entro a :Configuracion del Sistema', '2025-07-02 15:05:59', '2025-07-02 15:05:59', 3, 1),
	(559, 'Tiempo de inactividad', 'El usuario ha estado inactivo durante -Tiempo inactivo: 21 minutos y 41 segundos.', '2025-07-02 15:12:07', '2025-07-02 15:12:07', 3, 1),
	(560, 'Tiempo de inactividad', 'El usuario ha estado inactivo durante -Tiempo inactivo: 2 minutos y 15 segundos.', '2025-07-02 15:14:22', '2025-07-02 15:14:22', 3, 1),
	(561, 'Actualizacion exitosa', 'Se actualizo la informacion del sistema correctamente', '2025-07-02 15:14:48', '2025-07-02 15:14:48', 2, 1),
	(562, 'Información de navegación', 'El usuario entro a :Configuracion del Sistema', '2025-07-02 15:14:50', '2025-07-02 15:14:50', 3, 1),
	(563, 'Información de navegación', 'El usuario entro a :Configuracion del Sistema', '2025-07-02 15:15:13', '2025-07-02 15:15:13', 3, 1),
	(564, 'Información de navegación', 'El usuario entro a :Panel de control', '2025-07-02 15:16:09', '2025-07-02 15:16:09', 3, 1),
	(565, 'Información de navegación', 'El usuario entro a :Configuracion del Sistema', '2025-07-02 15:16:13', '2025-07-02 15:16:13', 3, 1),
	(566, 'Tiempo de inactividad', 'El usuario ha estado inactivo durante -Tiempo inactivo: 7 minutos y 45 segundos.', '2025-07-02 15:24:22', '2025-07-02 15:24:22', 3, 1),
	(567, 'Tiempo de inactividad', 'El usuario ha estado inactivo durante -Tiempo inactivo: 1 minutos y 10 segundos.', '2025-07-02 15:25:32', '2025-07-02 15:25:32', 3, 1),
	(568, 'Información de navegación', 'Cuenta de usuario bloqueada por inactividad', '2025-07-02 16:17:55', '2025-07-02 16:17:55', 3, 1),
	(569, 'Información de navegación', 'El usuario entró a :Bloqueo de pantalla', '2025-07-02 16:17:55', '2025-07-02 16:17:55', 3, 1),
	(570, 'Inicio de sesion exitoso', 'El usuario Super Administrador Sistema Roles, completo de manera satisfactoria el desbloqueo del sistema', '2025-07-02 17:36:14', '2025-07-02 17:36:14', 2, 1),
	(571, 'Información de navegación', 'El usuario entro a :Panel de control', '2025-07-02 17:36:15', '2025-07-02 17:36:15', 3, 1),
	(572, 'Información de navegación', 'El usuario entro a :Configuracion del Sistema', '2025-07-02 17:37:25', '2025-07-02 17:37:25', 3, 1),
	(573, 'Información de navegación', 'El usuario entro a :Configuracion del Sistema', '2025-07-02 17:37:34', '2025-07-02 17:37:34', 3, 1),
	(574, 'Información de navegación', 'El usuario entro a :Configuracion del Sistema', '2025-07-02 17:44:22', '2025-07-02 17:44:22', 3, 1),
	(575, 'Información de navegación', 'El usuario entro a :Configuracion del Sistema', '2025-07-02 21:35:12', '2025-07-02 21:35:12', 3, 1),
	(576, 'Información de navegación', 'El usuario entro a :Configuracion del Sistema', '2025-07-02 21:38:40', '2025-07-02 21:38:40', 3, 1),
	(577, 'Información de navegación', 'El usuario entro a :Configuracion del Sistema', '2025-07-02 21:39:31', '2025-07-02 21:39:31', 3, 1),
	(578, 'Información de navegación', 'Cuenta de usuario bloqueada por inactividad', '2025-07-02 21:40:32', '2025-07-02 21:40:32', 3, 1),
	(579, 'Información de navegación', 'El usuario entró a :Bloqueo de pantalla', '2025-07-02 21:40:32', '2025-07-02 21:40:32', 3, 1),
	(580, 'Información de navegación', 'El usuario entró a :Bloqueo de pantalla', '2025-07-02 21:40:32', '2025-07-02 21:40:32', 3, 1),
	(581, 'Inicio de sesion exitoso', 'El usuario Super Administrador Sistema Roles, completo de manera satisfactoria el desbloqueo del sistema', '2025-07-02 21:40:35', '2025-07-02 21:40:35', 2, 1),
	(582, 'Información de navegación', 'El usuario entro a :Panel de control', '2025-07-02 21:40:36', '2025-07-02 21:40:36', 3, 1),
	(583, 'Información de navegación', 'El usuario entro a :Configuracion del Sistema', '2025-07-02 21:40:40', '2025-07-02 21:40:40', 3, 1),
	(584, 'Información de navegación', 'El usuario entro a :Configuracion del Sistema', '2025-07-02 21:41:09', '2025-07-02 21:41:09', 3, 1),
	(585, 'Información de navegación', 'El usuario entro a :Configuracion del Sistema', '2025-07-02 21:42:22', '2025-07-02 21:42:22', 3, 1),
	(586, 'Información de navegación', 'El usuario entro a :Configuracion del Sistema', '2025-07-02 21:42:39', '2025-07-02 21:42:39', 3, 1),
	(587, 'Información de navegación', 'El usuario entro a :Configuracion del Sistema', '2025-07-02 21:43:29', '2025-07-02 21:43:29', 3, 1),
	(588, 'Tiempo de inactividad', 'El usuario ha estado inactivo durante -Tiempo inactivo: 2 minutos y 51 segundos.', '2025-07-02 21:43:31', '2025-07-02 21:43:31', 3, 1),
	(589, 'Tiempo de inactividad', 'El usuario ha estado inactivo durante -Tiempo inactivo: 1 minutos y 39 segundos.', '2025-07-02 21:45:10', '2025-07-02 21:45:10', 3, 1),
	(590, 'Información de navegación', 'El usuario entro a :Configuracion del Sistema', '2025-07-02 21:45:14', '2025-07-02 21:45:14', 3, 1),
	(591, 'Información de navegación', 'El usuario entro a :Configuracion del Sistema', '2025-07-02 21:45:46', '2025-07-02 21:45:46', 3, 1),
	(592, 'Informacion de subida de archivos', 'El usuario subio una foto de perfil, donde se valido que exista la ruta solicitada para subir el archivo', '2025-07-02 21:46:52', '2025-07-02 21:46:52', 3, 1),
	(593, 'Registro exitoso', 'Se registro la informacion del sistema correctamente', '2025-07-02 21:46:52', '2025-07-02 21:46:52', 2, 1),
	(594, 'Información de navegación', 'El usuario entro a :Configuracion del Sistema', '2025-07-02 21:46:55', '2025-07-02 21:46:55', 3, 1),
	(595, 'Información de navegación', 'El usuario entro a :Configuracion del Sistema', '2025-07-02 21:47:29', '2025-07-02 21:47:29', 3, 1);

-- Volcando estructura para tabla bd_users.tb_module
DROP TABLE IF EXISTS `tb_module`;
CREATE TABLE IF NOT EXISTS `tb_module` (
  `idModule` int(11) NOT NULL AUTO_INCREMENT,
  `m_name` varchar(250) NOT NULL,
  `m_icon` varchar(250) NOT NULL DEFAULT '<i class="fa fa-microchip" aria-hidden="true"></i>',
  `m_description` text DEFAULT NULL,
  `m_status` enum('Activo','Inactivo') DEFAULT 'Activo',
  `m_registrationDate` timestamp NOT NULL DEFAULT current_timestamp(),
  `m_updateDate` timestamp NOT NULL DEFAULT current_timestamp() ON UPDATE current_timestamp(),
  PRIMARY KEY (`idModule`)
) ENGINE=InnoDB AUTO_INCREMENT=3 DEFAULT CHARSET=utf8mb4 COLLATE=utf8mb4_general_ci;

-- Volcando datos para la tabla bd_users.tb_module: ~2 rows (aproximadamente)
DELETE FROM `tb_module`;
INSERT INTO `tb_module` (`idModule`, `m_name`, `m_icon`, `m_description`, `m_status`, `m_registrationDate`, `m_updateDate`) VALUES
	(1, 'Configuracion del sistema', '<i class="fa fa-cog" aria-hidden="true"></i>', 'Aqui se encuentra toda la configuracion inicial del sistema', 'Activo', '2025-01-26 15:17:10', '2025-02-02 22:46:08'),
	(2, 'Logs', '<i class="fa fa-microchip" aria-hidden="true"></i>', 'Aqui se visualizara los logs del sistema', 'Activo', '2025-01-31 21:32:16', '2025-01-31 21:48:21');

-- Volcando estructura para tabla bd_users.tb_role
DROP TABLE IF EXISTS `tb_role`;
CREATE TABLE IF NOT EXISTS `tb_role` (
  `idRole` int(11) NOT NULL AUTO_INCREMENT,
  `r_name` varchar(250) NOT NULL,
  `r_description` text DEFAULT NULL,
  `r_status` enum('Activo','Inactivo') DEFAULT 'Activo',
  `r_registrationDate` timestamp NOT NULL DEFAULT current_timestamp(),
  `r_updateDate` timestamp NOT NULL DEFAULT current_timestamp() ON UPDATE current_timestamp(),
  PRIMARY KEY (`idRole`)
) ENGINE=InnoDB AUTO_INCREMENT=16 DEFAULT CHARSET=utf8mb4 COLLATE=utf8mb4_general_ci;

-- Volcando datos para la tabla bd_users.tb_role: ~1 rows (aproximadamente)
DELETE FROM `tb_role`;
INSERT INTO `tb_role` (`idRole`, `r_name`, `r_description`, `r_status`, `r_registrationDate`, `r_updateDate`) VALUES
	(1, 'Root', 'El rol Root es el usuario con los privilegios más elevados dentro del sistema. Tiene control total sobre la configuración, la administración de usuarios, la seguridad y la gestión de recursos. Este rol está destinado exclusivamente a tareas de administración crítica y debe ser utilizado con precaución para evitar daños en el sistema.', 'Activo', '2025-01-26 21:34:50', '2025-07-02 13:43:04');

-- Volcando estructura para tabla bd_users.tb_typelog
DROP TABLE IF EXISTS `tb_typelog`;
CREATE TABLE IF NOT EXISTS `tb_typelog` (
  `idTypeLog` int(11) NOT NULL AUTO_INCREMENT,
  `tl_name` varchar(100) NOT NULL,
  `tl_description` text DEFAULT NULL,
  `tl_status` enum('Activo','Inactivo') DEFAULT 'Activo',
  `tl_registrationDate` timestamp NOT NULL DEFAULT current_timestamp(),
  `tl_updateDate` timestamp NOT NULL DEFAULT current_timestamp() ON UPDATE current_timestamp(),
  PRIMARY KEY (`idTypeLog`)
) ENGINE=InnoDB AUTO_INCREMENT=4 DEFAULT CHARSET=utf8mb4 COLLATE=utf8mb4_general_ci;

-- Volcando datos para la tabla bd_users.tb_typelog: ~3 rows (aproximadamente)
DELETE FROM `tb_typelog`;
INSERT INTO `tb_typelog` (`idTypeLog`, `tl_name`, `tl_description`, `tl_status`, `tl_registrationDate`, `tl_updateDate`) VALUES
	(1, 'Error', NULL, 'Activo', '2025-01-26 15:14:03', '2025-01-26 15:14:03'),
	(2, 'Correcto', NULL, 'Activo', '2025-01-27 05:26:47', '2025-01-27 05:26:47'),
	(3, 'Información', NULL, 'Activo', '2025-01-27 05:26:57', '2025-01-27 05:26:57');

-- Volcando estructura para tabla bd_users.tb_user
DROP TABLE IF EXISTS `tb_user`;
CREATE TABLE IF NOT EXISTS `tb_user` (
  `idUser` int(11) NOT NULL AUTO_INCREMENT,
  `u_user` text NOT NULL,
  `u_password` text NOT NULL,
  `u_email` text NOT NULL,
  `u_profile` text DEFAULT NULL,
  `u_fullname` varchar(200) NOT NULL,
  `u_gender` enum('Masculino','Femenino','Otro') NOT NULL,
  `u_dni` char(8) NOT NULL,
  `u_status` enum('Activo','Inactivo') DEFAULT 'Activo',
  `u_registrationDate` timestamp NOT NULL DEFAULT current_timestamp(),
  `u_updateDate` timestamp NOT NULL DEFAULT current_timestamp() ON UPDATE current_timestamp(),
  `u_online` tinyint(4) NOT NULL DEFAULT 0,
  `role_id` int(11) NOT NULL,
  PRIMARY KEY (`idUser`),
  UNIQUE KEY `u_dni` (`u_dni`),
  UNIQUE KEY `u_user` (`u_user`) USING HASH,
  UNIQUE KEY `u_email` (`u_email`) USING HASH,
  KEY `role_id` (`role_id`),
  CONSTRAINT `tb_user_ibfk_1` FOREIGN KEY (`role_id`) REFERENCES `tb_role` (`idRole`)
) ENGINE=InnoDB AUTO_INCREMENT=17 DEFAULT CHARSET=utf8mb4 COLLATE=utf8mb4_general_ci;

-- Volcando datos para la tabla bd_users.tb_user: ~0 rows (aproximadamente)
DELETE FROM `tb_user`;
INSERT INTO `tb_user` (`idUser`, `u_user`, `u_password`, `u_email`, `u_profile`, `u_fullname`, `u_gender`, `u_dni`, `u_status`, `u_registrationDate`, `u_updateDate`, `u_online`, `role_id`) VALUES
	(1, 'OHl4NXRSbFRqbSs1UW9mbEpxNnNPQT09', 'OHl4NXRSbFRqbSs1UW9mbEpxNnNPQT09', 'VTJxUmZLN2x5N0FrKzJMamRtLzR3Zz09', 'OHl4NXRSbFRqbSs1UW9mbEpxNnNPQT09-group.png', 'Super Administrador Sistema Roles', 'Otro', '12345678', 'Activo', '2025-01-28 18:49:20', '2025-07-01 17:32:50', 1, 1);

-- Volcando estructura para tabla bd_users.tb_userroledetail
DROP TABLE IF EXISTS `tb_userroledetail`;
CREATE TABLE IF NOT EXISTS `tb_userroledetail` (
  `idUserRoleDetail` int(11) NOT NULL AUTO_INCREMENT,
  `interface_id` int(11) NOT NULL,
  `role_id` int(11) NOT NULL,
  `urd_status` enum('Activo','Inactivo') DEFAULT 'Activo',
  `urd_registrationDate` timestamp NOT NULL DEFAULT current_timestamp(),
  `urd_updateDate` timestamp NOT NULL DEFAULT current_timestamp() ON UPDATE current_timestamp(),
  PRIMARY KEY (`idUserRoleDetail`),
  KEY `tb_userroledetail_ibfk_1` (`interface_id`),
  KEY `tb_userroledetail_ibfk_2` (`role_id`),
  CONSTRAINT `tb_userroledetail_ibfk_1` FOREIGN KEY (`interface_id`) REFERENCES `tb_interface` (`idInterface`) ON DELETE CASCADE ON UPDATE CASCADE,
  CONSTRAINT `tb_userroledetail_ibfk_2` FOREIGN KEY (`role_id`) REFERENCES `tb_role` (`idRole`) ON DELETE CASCADE ON UPDATE CASCADE
) ENGINE=InnoDB AUTO_INCREMENT=25 DEFAULT CHARSET=utf8mb4 COLLATE=utf8mb4_general_ci;

-- Volcando datos para la tabla bd_users.tb_userroledetail: ~7 rows (aproximadamente)
DELETE FROM `tb_userroledetail`;
INSERT INTO `tb_userroledetail` (`idUserRoleDetail`, `interface_id`, `role_id`, `urd_status`, `urd_registrationDate`, `urd_updateDate`) VALUES
	(1, 2, 1, 'Activo', '2025-01-30 22:56:54', '2025-02-04 03:54:12'),
	(3, 4, 1, 'Activo', '2025-01-30 22:57:13', '2025-01-31 20:57:48'),
	(4, 3, 1, 'Activo', '2025-01-30 22:57:45', '2025-01-31 21:26:09'),
	(5, 1, 1, 'Activo', '2025-01-30 22:58:01', '2025-01-31 20:57:51'),
	(7, 5, 1, 'Activo', '2025-01-31 21:49:27', '2025-01-31 21:49:27'),
	(8, 6, 1, 'Activo', '2025-02-01 22:30:01', '2025-02-01 22:30:01'),
	(9, 20, 1, 'Activo', '2025-05-20 13:22:11', '2025-05-20 13:22:11'),
	(11, 7, 1, 'Activo', '2025-02-02 21:49:55', '2025-02-02 21:49:55');

/*!40103 SET TIME_ZONE=IFNULL(@OLD_TIME_ZONE, 'system') */;
/*!40101 SET SQL_MODE=IFNULL(@OLD_SQL_MODE, '') */;
/*!40014 SET FOREIGN_KEY_CHECKS=IFNULL(@OLD_FOREIGN_KEY_CHECKS, 1) */;
/*!40101 SET CHARACTER_SET_CLIENT=@OLD_CHARACTER_SET_CLIENT */;
/*!40111 SET SQL_NOTES=IFNULL(@OLD_SQL_NOTES, 1) */;
